func,subfunc,detail,on_off_budget,name,y1962,y1963,y1964,y1965,y1966,y1967,y1968,y1969,y1970,y1971,y1972,y1973,y1974,y1975,y1976,TQ,y1977,y1978,y1979,y1980,y1981,y1982,y1983,y1984,y1985,y1986,y1987,y1988,y1989,y1990,y1991,y1992,y1993,y1994,y1995,y1996,y1997,y1998,y1999,y2000,y2001,y2002,y2003,y2004,y2005,y2006,y2007,y2008,y2009,y2010,y2011,y2012,y2013,y2014,y2015,y2016_est,y2017_est,y2018_est,y2019_est,y2020_est,y2021_est
50,51,1,,Military Personnel,16331,16256,17422,17913,20009,22952,25118,26914,29032,29079,29571,29773,30409,32162,32546,8268,33672,35553,37345,40897,47941,55170,60886,64158,67842,71511,72020,76337,80676,75622,83439,81171,75904,73137,70809,66669,69724,68976,69503,75950,73977,86799,106744,113576,127463,127543,127544,138940,147348,155690,161608,152266,150825,148923,145206,147776,146122,,,,
50,51,2,,Operation and Maintenance,11594,11874,11932,12349,14710,19000,20578,22227,21609,20941,21675,21069,22478,26297,27837,7232,30587,33580,36440,44788,51878,59673,64881,67329,72336,75255,76167,84436,86960,88294,101715,91939,94036,87868,91017,88711,92408,93412,96344,105812,111964,130005,151408,174045,188118,203789,216631,244836,259312,275988,291038,282297,259662,244481,247239,248219,255347,,,,
50,51,3,,Procurement,14532,16632,15351,11839,14339,19012,23283,23988,21584,18858,17131,15654,15241,16042,15964,3766,18178,19976,25404,29021,35191,43271,53624,61879,70381,76517,80743,77164,81619,80972,82028,74880,69935,61768,54981,48913,47690,48206,48826,51696,54986,62515,67926,76216,82294,89757,99647,117398,129218,133603,128003,124712,114912,107485,101342,103613,103052,,,,
50,51,4,,"Research, Development, Test, and Evaluation",6319,6376,7021,6236,6259,7160,7747,7457,7166,7303,7881,8157,8582,8866,8923,2206,9795,10508,11152,13127,15278,17729,20552,23113,27099,32279,33592,34788,36997,37454,34585,34628,36964,34759,34590,36490,37011,37416,37359,37602,40455,44389,53098,60759,65694,68629,73136,75120,79030,76990,74871,70396,66892,64928,64124,65195,71465,,,,
50,51,5,,Military Construction,1347,1144,1026,1007,1334,1536,1281,1389,1168,1095,1108,1119,1407,1462,2019,376,1914,1932,2080,2450,2458,2922,3524,3705,4260,5067,5853,5874,5275,5080,3497,4262,4831,4979,6823,6683,6187,6044,5521,5109,4977,5052,5851,6312,5331,6245,7899,11563,17614,21169,19917,14553,12318,9823,8114,8223,8343,,,,
50,51,6,,Family Housing,259,563,550,563,569,485,495,574,614,598,688,729,884,1124,1192,296,1358,1405,1468,1680,1721,1993,2126,2413,2642,2819,2908,3082,3257,3501,3296,3271,3255,3316,3571,3828,4003,3871,3692,3413,3516,3736,3784,3905,3720,3717,3473,3590,2721,3173,3432,2331,1829,1354,1198,1268,1227,,,,
50,51,7,,Other,-271,-1696,-717,-1127,-590,-76,1853,-1777,-1050,-376,-409,-1468,-1137,-1101,-563,-338,-357,-694,-284,-1050,-605,-65,-1236,-1734,548,1993,2637,209,46,-1228,-46236,-3317,-6429,2727,-2418,1836,1228,-2132,-47,1447,310,-651,-1675,1626,1451,-383,218,3185,1499,90,-805,4296,1357,903,-4724,2035,1279,,,,
50,51,0,,Department of Defense-Military,50111,51147,52585,48780,56629,70069,80355,80771,80123,77497,77645,75033,77864,84852,87917,21807,95147,102259,113605,130912,153861,180693,204356,220863,245109,265440,273919,281889,294829,289694,262324,286834,278497,268553,259373,253130,258251,255793,261198,281029,290185,331845,387136,436439,474071,499297,528548,594632,636742,666703,678064,650851,607795,577897,562499,576329,586835,568601,569887,575256,582026
50,53,,,Atomic energy defense activities,2074,2041,1902,1620,1466,1277,1336,1389,1415,1385,1373,1409,1486,1506,1565,435,1936,2070,2541,2878,3398,4309,5171,6120,7098,7445,7451,7913,8119,8988,9998,10613,11011,11884,11769,11637,11267,11262,12221,12138,12931,14795,16018,16605,18031,17465,17042,17122,17546,19308,20410,19246,17634,17416,18692,19212,21346,20913,20986,21310,20853
50,54,,,Defense-related activities,160,212,270,220,16,71,235,337,154,-10,156,240,-3,151,137,27,158,166,196,206,253,307,375,428,535,487,626,557,606,639,964,899,1577,1202,921,981,984,1139,1350,1196,1616,1816,1579,2769,3192,5058,5668,4312,6724,7474,7080,7755,8017,8144,8373,8911,8800,9451,9348,9385,9561
50,0,,,National Defense,52345,53400,54757,50620,58111,71417,81926,82497,81692,78872,79174,76681,79347,86509,89619,22269,97241,104495,116342,133995,157513,185309,209903,227411,252743,273373,281996,290360,303555,299321,273285,298346,291084,281640,272063,265748,270502,268194,274769,294363,304732,348456,404733,455813,495294,521820,551258,616066,661012,693485,705554,677852,633446,603457,589564,604452,616981,598965,600221,605951,612440
150,151,,,International development and humanitarian assistance,2883,3079,3367,3357,3478,3085,2879,2484,2341,2296,2394,1741,2430,3134,2636,1119,2823,2647,2910,3626,4131,3772,3955,4478,5408,4967,4319,4703,4836,5498,5141,6132,5825,7048,7598,6160,6003,5395,5653,6516,7185,7812,10324,13807,17696,16693,15524,14074,22095,19014,21255,21882,22551,23534,24087,25644,25793,26829,28332,29627,30328
150,152,,,International security assistance,1958,2185,1830,1599,1590,1530,1051,1102,1094,1367,1446,1427,1824,2535,2683,1470,3075,3926,3655,4763,5095,5416,6613,7924,9391,10499,7106,4500,1467,8652,9823,7490,7639,6642,5252,4565,4632,5135,5531,6387,6560,7907,8620,8369,7895,7811,7982,9480,6247,11363,12042,11464,9954,11381,12907,13161,14940,12852,10949,9602,9326
150,153,,,Conduct of foreign affairs,249,346,231,336,354,369,354,370,398,405,452,476,609,659,727,263,982,1128,1310,1366,1343,1625,1761,1869,2038,2266,2206,2726,2885,3045,3279,3879,4298,4544,4189,3753,3917,3259,4160,4708,5048,7035,6681,7895,9148,8559,8379,10388,12152,13557,12486,13548,13038,12859,13246,14301,13540,13160,11988,11223,10864
150,154,,,Foreign information and exchange activities,197,201,207,224,228,245,253,237,235,241,274,295,320,348,382,115,386,423,465,534,528,575,607,688,802,915,998,1049,1105,1102,1252,1279,1351,1397,1416,1186,1171,1158,1226,817,804,906,959,1140,1129,1162,1220,1330,1330,1485,1575,1556,1519,1464,1531,1763,1564,1549,1588,1619,1648
150,155,,,International financial programs,353,-503,-690,-242,-69,338,765,407,261,-150,215,211,527,421,4,-509,-913,-642,-881,2425,2007,911,-1089,910,-1471,-4501,-2985,-2513,-710,-4539,-3648,-2689,-1896,-2564,-2026,-2177,-550,-1893,-1331,-1215,-3112,-1345,-5385,-4341,-1303,-4726,-4623,-6415,-4295,-224,-1673,-1266,-831,-2552,-3195,-8426,-23,2282,1725,1020,139
150,0,,,International Affairs,5639,5308,4945,5273,5580,5566,5301,4600,4330,4159,4781,4149,5710,7097,6433,2458,6353,7482,7459,12714,13104,12300,11848,15869,16169,14146,11645,10466,9583,13758,15846,16090,17218,17067,16429,13487,15173,13054,15239,17213,16485,22315,21199,26870,34565,29499,28482,28857,37529,45195,45685,47184,46231,46686,48576,46443,55814,56672,54582,53091,52305
250,251,,,General science and basic research,497,534,766,789,858,897,930,938,947,1009,979,961,1017,1038,1034,292,1078,1160,1297,1381,1476,1606,1644,1842,2015,2207,2243,2407,2626,2818,3136,3551,3914,3825,4099,3991,4080,5306,5638,6167,6520,7261,7951,8392,8819,9093,9149,9573,10020,11730,12434,12458,12479,12011,11719,12219,12944,13564,13877,14137,14545
250,252,,,"Space flight, research, and supporting activities",1226,2516,4131,5034,5858,5336,4594,4082,3564,3172,3196,3071,2963,2953,3338,871,3657,3766,3937,4451,4992,5593,6290,6469,6607,6756,6957,8413,10196,11609,12957,12838,13092,12363,12593,12693,13056,12866,12446,12427,13233,13473,12880,14637,14778,14491,15258,17200,18397,18370,17032,16602,16429,16559,17693,18584,18556,18299,18357,18669,19041
250,0,,,"General Science, Space, and Technology",1723,3051,4897,5823,6717,6233,5524,5020,4511,4182,4175,4032,3980,3991,4373,1162,4736,4926,5234,5831,6468,7199,7934,8311,8622,8962,9200,10820,12821,14426,16092,16389,17006,16189,16692,16684,17136,18172,18084,18594,19753,20734,20831,23029,23597,23584,24407,26773,28417,30100,29466,29060,28908,28570,29412,30803,31500,31863,32234,32806,33586
270,271,,,Energy supply,533,451,485,602,510,673,918,887,856,880,1089,1007,969,2446,3530,913,4841,6075,7165,8367,10202,8263,6143,3255,2615,2839,2318,746,1230,1976,1945,3226,3286,3899,3584,1649,626,181,-118,-1818,-1145,-803,-2051,-1536,-929,234,-1983,-413,2051,5801,8084,9017,9038,4056,4707,5209,4623,3821,3308,4839,5960
270,272,,,Energy conservation,0,0,0,0,0,0,0,0,0,0,0,0,3,48,51,38,143,221,252,569,730,516,477,527,491,515,281,342,333,365,386,468,521,582,671,624,572,621,586,666,760,878,897,926,883,747,580,409,1432,4997,6736,4941,1240,910,1187,1308,1682,2441,2890,3412,3892
270,274,,,Emergency energy preparedness,0,0,0,0,0,0,0,0,0,0,0,0,0,33,65,32,123,897,1021,342,3280,3877,1855,2518,1838,597,788,568,621,442,-235,319,336,275,223,141,23,233,225,162,159,169,182,158,162,-441,195,179,754,199,-3263,375,217,-140,449,268,258,8,-10,-9,-11
270,276,,,"Energy information, policy, and regulation",71,80,87,97,101,109,118,122,142,155,207,231,331,389,558,146,664,798,742,877,954,871,878,773,664,739,684,640,521,558,340,486,176,462,458,425,254,235,218,229,235,231,247,305,324,245,356,456,518,621,617,525,547,444,495,673,603,535,539,536,547
270,0,,,Energy,604,530,572,699,612,782,1037,1010,997,1035,1296,1237,1303,2916,4204,1129,5770,7991,9179,10156,15166,13527,9353,7073,5608,4690,4072,2296,2705,3341,2436,4499,4319,5218,4936,2839,1475,1270,911,-761,9,475,-725,-147,440,785,-852,631,4755,11618,12174,14858,11042,5270,6838,7458,7166,6805,6727,8778,10388
300,301,,,Water resources,1290,1448,1461,1546,1704,1685,1644,1591,1514,1768,1948,2221,2200,2608,2742,805,3213,3431,3853,4223,4132,3948,3904,4070,4122,4041,3783,4034,4271,4401,4366,4559,4258,4488,4625,4536,4411,4647,4725,5078,5237,5570,5492,5571,5726,8030,5104,6074,8068,11662,11621,9178,7675,7912,7760,8389,8188,7599,7555,7556,7466
300,302,,,Conservation and land management,376,357,364,384,351,417,457,323,436,553,522,403,243,761,744,193,736,1229,1070,1348,1490,1365,1787,1615,1860,1749,1822,2589,3792,4030,4646,5268,5498,5789,5958,5980,5669,6204,6367,6762,7109,9797,9739,9758,6226,7813,9646,8718,9813,10783,11955,11101,10723,9707,10519,13873,14613,15526,15015,15250,15501
300,303,,,Recreational resources,123,148,167,175,189,222,269,315,303,397,439,464,551,696,739,207,838,1207,1239,1372,1297,1154,1170,1263,1230,1141,1206,1268,1336,1388,1531,1681,1890,1871,1998,1933,2029,2092,2657,2540,2311,2735,2843,2944,2990,3042,2956,3208,3550,3911,4157,3752,3506,3362,3501,3908,4145,4904,5761,5914,5756
300,304,,,Pollution control and abatement,70,87,117,134,158,190,249,303,384,702,764,1122,2035,2523,3067,1091,4279,3965,4707,5510,5170,5012,4263,4044,4465,4831,4869,4832,4878,5156,5854,6073,6066,6042,6502,6180,6284,6417,6891,7395,7502,7602,8201,8473,8065,8565,8410,8079,8270,10841,10946,10813,9624,8634,7241,8473,8800,7948,8247,8550,8840
300,306,,,Other natural resources,186,212,255,292,317,354,370,368,428,495,567,565,668,757,891,228,966,1151,1266,1405,1478,1519,1548,1595,1668,1866,1675,1878,1890,2080,2148,2420,2512,2811,2806,2874,2808,2918,3303,3228,3373,3722,3392,3948,4976,5575,5605,5741,5872,6470,6794,6787,6617,6556,7013,7937,7784,7782,8058,8229,8497
300,0,,,Natural Resources and Environment,2044,2251,2364,2531,2719,2869,2988,2900,3065,3915,4241,4775,5697,7346,8184,2524,10032,10983,12135,13858,13568,12998,12672,12586,13345,13628,13355,14601,16169,17055,18544,20001,20224,21000,21889,21503,21201,22278,23943,25003,25532,29426,29667,30694,27983,33025,31721,31820,35573,43667,45473,41631,38145,36171,36034,42580,43530,43759,44636,45499,46060
350,351,,,Farm income stabilization,3222,4047,4241,3551,2004,2515,4032,5304,4589,3651,4553,4099,1458,2160,2249,743,5735,10228,9895,7441,9783,14344,21316,11828,23702,29570,24697,15223,14699,9550,12743,12499,17557,12219,7037,6478,6261,9313,20039,33442,22746,18371,18302,11182,22043,21405,13089,13756,17628,16478,15875,13061,25213,20012,13424,19355,20393,20099,15474,14102,17687
350,352,,,Agricultural research and services,340,337,368,404,444,475,512,521,577,639,675,722,736,837,860,229,998,1073,1281,1333,1458,1522,1491,1649,1725,1749,1770,1865,1999,2087,2143,2423,2524,2575,2634,2557,2628,2764,2840,3016,3506,3594,4194,4257,4522,4564,4573,4631,4609,4878,4787,4730,4465,4374,5076,6219,5771,5582,5750,5714,5776
350,0,,,Agriculture,3562,4384,4609,3954,2447,2990,4544,5826,5166,4290,5227,4821,2194,2997,3109,972,6734,11301,11176,8774,11241,15866,22807,13477,25427,31319,26466,17088,16698,11637,14886,14922,20081,14795,9671,9035,8889,12077,22879,36458,26252,21965,22496,15439,26565,25969,17662,18387,22237,21356,20662,17791,29678,24386,18500,25574,26164,25681,21224,19816,23463
370,371,,,Mortgage credit,650,-592,-54,277,2494,2846,3261,-720,590,74,550,-399,2119,5463,4336,562,2609,4553,3991,5887,6063,6056,5135,4382,3054,934,-67,4992,4978,3845,5362,4320,1554,-501,-1038,-5025,-4006,-2934,364,-3335,-1164,-7015,-4591,2659,-862,-619,-4986,17,99760,35804,14158,-8143,-87854,-84300,-35658,-37692,-33769,-33732,-32574,-33064,-32649
370,372,,,Postal service,797,770,578,805,888,1141,1080,920,1510,2183,1772,1567,2471,2989,2805,212,2094,1282,896,1246,1432,154,1111,1239,1351,758,1593,2229,127,2116,1828,1169,1602,1233,-1839,-58,77,303,1050,2129,2395,207,-5169,-4070,-1223,-971,-3161,-3074,-978,-682,909,2744,-1839,-2453,-1610,981,-1549,-2539,-4141,-3627,-4026
370,372,,1,(On-budget),797,770,578,805,888,1141,1080,920,1510,2183,1418,1410,1698,1877,1720,938,2267,1778,1787,1677,1343,707,789,879,1210,716,650,517,436,490,511,511,161,130,130,122,126,86,29,100,93,858,76,60,568,104,-8254,-5491,-1282,-5382,101,74,74,78,100,429,-2729,-2446,-2693,-2434,-2572
370,372,,2,(Off-budget),0,0,0,0,0,0,0,0,0,0,355,157,773,1112,1085,-726,-173,-496,-891,-431,89,-553,322,360,142,42,943,1712,-310,1626,1317,659,1441,1103,-1969,-180,-49,217,1021,2029,2302,-651,-5245,-4130,-1791,-1075,5093,2417,304,4700,808,2670,-1913,-2531,-1710,552,1180,-93,-1448,-1193,-1454
370,373,,,Deposit insurance,-394,-423,-436,-389,-486,-401,-522,-603,-501,-383,-597,-805,-611,511,-573,-63,-2788,-988,-1745,-285,-1371,-2056,-1253,-616,-2198,1394,3106,10020,21996,57891,66232,2518,-27957,-7570,-17827,-8394,-14384,-4371,-5280,-3053,-1569,-1026,-1430,-1976,-1371,-1110,-1492,18760,22573,-32033,-8697,6666,4292,-13823,-12812,-6929,-10074,-9159,-6014,-4374,2592
370,376,,,Other advancement of commerce,371,307,331,465,348,394,462,284,513,492,497,568,726,984,1051,221,1178,1406,1545,2542,2083,2101,1688,1954,2130,1973,1802,1922,2608,3747,2848,2911,2949,2609,2896,2999,3673,8009,6507,7466,6069,7427,11917,8652,11022,8887,10126,12167,170180,-85405,-18943,39380,2202,5715,12175,16917,22907,23521,23801,26702,20780
370,0,,,Commerce and Housing Credit,1424,62,418,1157,3245,3979,4280,-119,2112,2366,2222,931,4705,9947,7619,931,3093,6254,4686,9390,8206,6256,6681,6959,4337,5058,6434,19163,29709,67599,76270,10918,-21853,-4228,-17808,-10478,-14640,1007,2641,3207,5731,-407,727,5265,7566,6187,487,27870,291535,-82316,-12573,40647,-83199,-94861,-37905,-26723,-22485,-21909,-18928,-14363,-13303
370,370,,1,(On-budget),1424,62,418,1157,3245,3979,4280,-119,2112,2366,1867,774,3932,8835,6534,1657,3266,6750,5577,9821,8117,6809,6359,6599,4195,5016,5492,17451,30019,65973,74953,10260,-23294,-5331,-15839,-10298,-14591,790,1620,1178,3429,244,5972,9395,9357,7262,-4606,25453,291231,-87016,-13381,37977,-81286,-92330,-36195,-27275,-23665,-21816,-17480,-13170,-11849
370,370,,2,(Off-budget),0,0,0,0,0,0,0,0,0,0,355,157,773,1112,1085,-726,-173,-496,-891,-431,89,-553,322,360,142,42,943,1712,-310,1626,1317,659,1441,1103,-1969,-180,-49,217,1021,2029,2302,-651,-5245,-4130,-1791,-1075,5093,2417,304,4700,808,2670,-1913,-2531,-1710,552,1180,-93,-1448,-1193,-1454
400,401,,,Ground transportation,2855,3090,3715,4105,4072,4139,4378,4443,4678,5182,5356,5641,5583,7027,9602,2336,10226,10431,12662,15274,17074,14321,14265,16158,17606,18725,17150,18148,17946,18954,19545,20347,21251,23940,25297,25650,26795,26004,28052,31697,35804,40158,37491,40744,42317,45209,46818,49978,54103,60784,60902,61308,60005,60827,59126,60254,68146,76639,84067,91709,97697
400,402,,,Air transportation,818,851,882,941,961,1042,1084,1206,1408,1807,1907,2159,2216,2387,2531,578,2786,3243,3355,3723,3814,3526,4000,4415,4895,5287,5520,5897,6622,7234,8184,9313,10049,10146,10020,10135,10138,10622,10720,10571,13975,16538,23343,16743,18807,18005,18096,19399,20799,21431,21353,21725,21464,20923,20033,20586,21010,20457,20451,20662,20620
400,403,,,Water transportation,617,655,646,717,695,749,841,857,895,1027,1094,1211,1316,1430,1542,415,1741,1787,1969,2229,2381,2687,2969,3010,3201,3964,3461,3111,2916,3151,3148,3429,3423,3648,3732,3460,3554,3518,3546,4394,4401,5041,5907,6898,6439,6688,7695,8121,9093,9351,10359,9650,9774,9782,9994,10899,10493,10402,10574,10713,10944
400,407,,,Other transportation,0,0,0,0,3,6,13,21,26,37,36,56,57,74,65,28,76,61,93,104,110,90,99,85,137,136,91,116,124,146,223,244,281,333,301,320,280,199,214,191,267,96,328,242,331,342,296,118,294,406,352,336,430,406,380,622,581,560,527,531,538
400,0,,,Transportation,4290,4596,5242,5763,5730,5936,6316,6526,7008,8052,8392,9066,9172,10918,13739,3358,14829,15521,18079,21329,23379,20625,21334,23669,25838,28113,26222,27272,27608,29485,31099,33332,35004,38066,39350,39565,40767,40343,42532,46853,54447,61833,67069,64627,67894,70244,72905,77616,84289,91972,92966,93019,91673,91938,89533,92361,100230,108058,115619,123615,129799
450,451,,,Community development,266,233,316,413,423,580,649,833,1449,1728,2100,2044,2108,2318,2772,896,3411,3298,4000,4907,5070,4608,4353,4520,4598,4094,3679,3448,3693,3530,3543,3643,3681,4133,4744,4860,4962,5118,5116,5480,5313,5998,6346,6167,5861,5845,11834,10198,7719,9901,9605,8769,7814,7896,7817,8502,8169,7735,6174,5466,5327
450,452,,,Area and regional development,179,307,592,648,448,450,613,679,685,835,928,981,1339,1607,2149,563,2961,5672,4868,4303,3818,3841,3212,3034,3113,2723,1599,2075,1894,2902,2745,2317,2541,2337,2723,2727,2741,2512,2327,2538,2634,2633,2397,2351,2745,2580,2514,2584,3221,3249,4050,4424,1540,3027,3861,3303,3589,3298,3520,3744,3975
450,453,,,Disaster relief and insurance,23,34,25,53,234,78,120,40,257,353,396,1580,782,398,522,111,649,2871,1611,2043,1680,-102,-1,119,-35,416,-229,-230,-226,2098,522,876,2924,4150,3279,3154,3346,2141,4422,2605,3826,4350,10107,7302,17656,46040,15219,11170,16736,10744,10228,11939,22982,9747,8992,16047,9360,7897,8438,6808,5081
450,0,,,Community and Regional Development,469,574,933,1114,1105,1108,1382,1552,2392,2917,3423,4605,4229,4322,5442,1569,7021,11841,10480,11252,10568,8347,7564,7673,7676,7233,5049,5293,5362,8531,6810,6836,9146,10620,10746,10741,11049,9771,11865,10623,11773,12981,18850,15820,26262,54465,29567,23952,27676,23894,23883,25132,32336,20670,20670,27852,21118,18930,18132,16018,14383
500,501,,,"Elementary, secondary, and vocational education",482,553,579,719,1627,2310,2516,2470,2893,3333,3686,3573,3573,4349,4200,1074,4638,5186,6123,6893,7099,6722,6258,6483,7598,7802,7869,8377,9150,9918,11372,12402,13481,14258,14694,14871,15073,16606,17589,20578,22858,25879,31473,34360,38271,39710,38427,38918,53206,73261,66476,47492,42407,40813,40022,41766,40377,42753,45602,48496,50077
500,502,,,Higher education,328,426,382,413,706,1161,1394,1234,1387,1435,1448,1534,1451,2182,2813,744,3200,3710,5030,6723,8767,7116,7184,7318,8156,8359,7361,8244,10584,11107,11961,11268,14474,7875,14172,12191,12298,12070,10672,10115,9568,17049,22697,25264,31442,50471,24637,23566,-3258,20908,1108,12113,-525,20104,51341,38847,29569,38728,44824,48277,51407
500,503,,,Research and general education aids,58,55,62,92,122,156,240,210,355,295,319,429,621,790,783,180,894,1033,1157,1212,1171,1211,1155,1330,1228,1265,1358,1368,1507,1572,1775,1995,2053,2098,2128,2228,2150,2280,2333,2543,2728,2950,2992,3031,3124,2998,3153,3194,3456,3631,3710,3704,3705,3552,3493,3547,3660,3858,3964,3998,4071
500,504,,,Training and employment,189,203,291,528,983,1233,1582,1560,1602,1952,2894,3283,2910,4063,6288,1912,6877,10784,10833,10345,9241,5464,5295,4644,4972,5257,5084,5215,5292,5619,5934,6479,6700,7097,7430,7030,6681,6636,6783,6777,7192,8354,8379,7918,6852,7199,7080,7181,7652,9854,9139,7779,7271,7013,7103,7622,11475,11050,9831,9979,9390
500,505,,,Other labor services,74,84,72,97,101,107,112,122,135,157,184,202,219,259,301,83,374,410,488,551,587,589,599,639,678,672,675,739,786,810,788,884,948,958,965,925,1009,1036,1076,1194,1268,1433,1473,1546,1615,1631,1635,1623,1646,1765,1869,1868,1888,1834,1799,2022,2067,2125,2180,2224,2270
500,506,,,Social services,110,137,169,291,823,1486,1791,1952,2263,2677,3998,3723,3682,4380,4526,1176,5121,5584,6588,6111,6281,5508,5703,6503,5957,6418,6572,6984,8007,8141,9401,9708,9718,10994,11631,11066,11761,11884,12152,12557,13480,14901,15573,15855,16251,16473,16724,16805,17047,19179,18931,17867,18062,17299,18303,20128,20408,21155,21490,21853,22248
500,0,,,"Education, Training, Employment, and Social Services",1241,1458,1555,2140,4363,6453,7634,7548,8634,9849,12529,12744,12455,16022,18910,5169,21104,26706,30218,31835,33146,26609,26194,26916,28589,29773,28918,30928,35325,37167,41231,42735,47374,43281,51020,48311,48972,50512,50605,53764,57094,70566,82587,87974,97555,118482,91656,91287,79749,128598,101233,90823,72808,90615,122061,113932,107556,119669,127891,134827,139463
550,551,,,Health care services,528,623,740,881,1486,2004,2694,3360,3993,4766,6205,6527,7707,9519,11725,2945,13031,13928,15988,18003,21205,21786,23008,24522,26984,28848,32614,36016,39158,47641,60722,77717,86858,94259,101912,106609,109962,116321,124494,136201,151874,172550,192573,210080,219559,220800,233878,247739,300013,330710,332210,308160,321849,374581,446360,488532,527357,567480,607350,632043,663725
550,552,,,Health research and training,580,722,925,780,918,1184,1517,1599,1688,1801,2085,2423,2497,2779,3323,811,3524,3752,3607,4161,4615,4618,4552,4767,5375,5920,6153,7182,7865,8596,8886,10012,10781,10986,11569,10827,11847,13073,14383,15979,17926,21356,24044,27099,28050,28828,29279,29883,30570,34214,36198,34502,32881,30911,31400,32765,35419,36836,37227,36386,36978
550,554,,,Consumer and occupational health and safety,89,106,123,130,138,163,179,203,226,277,383,406,529,632,686,168,747,844,899,1006,1047,1041,1081,1129,1182,1165,1197,1285,1356,1462,1560,1757,1762,1863,1918,1929,2023,2031,2171,2324,2433,2591,2924,2943,2939,3111,3225,2977,3752,4144,4096,4080,3585,3957,4463,4563,4791,5197,5094,5194,5300
550,0,,,Health,1198,1451,1788,1791,2543,3351,4390,5162,5907,6843,8674,9356,10733,12930,15734,3924,17302,18524,20494,23169,26866,27445,28641,30417,33541,35933,39964,44483,48380,57699,71168,89486,99401,107107,115399,119365,123832,131425,141048,154504,172233,196497,219541,240122,250548,252739,266382,280599,334335,369068,372504,346742,358315,409449,482223,525860,567567,609513,649671,673623,706003
570,0,,,570 Medicare:,0,0,0,0,64,2748,4649,5695,6213,6622,7479,8052,9639,12875,15834,4264,19345,22768,26495,32090,39149,46567,52588,57540,65822,70164,75120,78878,84964,98102,104489,119024,130552,144747,159855,174225,190016,192822,190447,197113,217384,230855,249433,269360,298638,329868,375407,390758,430093,451636,485653,471793,497826,511688,546202,595317,604967,607910,663361,702884,751066
570,571,,,571 Medicare,0,0,0,0,64,2748,4649,5695,6213,6622,7479,8052,9639,12875,15834,4264,19345,22768,26495,32090,39149,46567,52588,57540,65822,70164,75120,78878,84964,98102,104489,119024,130552,144747,159855,174225,190016,192822,190447,197113,217384,230855,249433,269360,298638,329868,375407,390758,430093,451636,485653,471793,497826,511688,546202,595317,604967,607910,663361,702884,751066
600,601,,,General retirement and disability insurance (excluding social security),661,632,682,668,736,731,944,1035,1032,1613,1812,2596,2750,4689,3248,1166,3558,3365,4373,5083,5439,5571,5581,5441,5617,5330,5565,5294,5650,5148,4945,5483,4347,5720,5106,5234,4721,4632,1878,5189,5761,5741,7047,6573,6976,4592,7829,8899,8218,6564,6697,7760,6969,8776,7805,5823,5329,5164,4794,5457,5719
600,602,,,Federal employee retirement and disability,1959,2240,2554,2865,3326,3802,4285,4782,5545,6585,7684,8902,10783,13238,15484,4269,17735,19853,22676,26611,31296,34345,36530,38080,38621,41392,43782,46920,49202,52037,56151,57646,60093,62540,65882,68071,71539,73485,75146,77152,80972,83361,85154,88729,93351,98296,103916,108998,118119,119867,124447,122388,131739,134613,139166,145173,143739,143026,152278,157250,161808
600,603,,,Unemployment compensation,3809,3344,3178,2577,2215,2263,2527,2577,3359,6166,7072,5354,6065,13459,19453,4004,15315,11847,10813,18051,19656,23728,31464,18421,17475,17753,17080,15271,15616,18889,27084,39466,37802,28729,23638,24898,22888,22070,23631,23012,30242,53267,57054,44994,35435,33814,35107,45340,122537,160145,120556,93771,70729,45717,34978,35962,38974,41903,42213,44607,46294
600,604,,,Housing assistance,165,179,150,231,238,271,312,383,499,764,1125,1633,1826,2059,2499,662,2968,3682,4372,5640,7757,8741,10001,11273,25266,12386,12658,13909,14717,15907,17198,18944,21582,23941,27590,26837,27881,28828,27799,28949,30250,33251,35525,36790,37899,38295,39715,40556,50913,58651,55440,47948,46687,47615,47823,49747,51180,50501,50979,50715,51148
600,605,,,Food and nutrition assistance,275,284,308,299,363,418,505,587,960,2179,3218,3641,4433,6643,7959,1824,8527,8926,10787,14016,16205,15581,17959,18103,18590,18652,18987,20132,21353,24131,28649,32787,35312,36892,37594,37933,36061,33585,33147,32483,34053,38150,42526,46012,50833,53928,54458,60673,79080,95110,103199,106871,109706,102936,104797,107876,107805,109174,110281,109124,109260
600,609,,,Other income security,2338,2633,2785,2828,2799,2776,3243,3712,4260,5640,6740,6153,7856,10088,12156,3060,12957,13837,13361,17163,19951,20192,21506,22085,23464,25173,26065,28903,31050,32725,38605,45406,51002,59468,63996,66773,71945,75150,80877,86939,88496,98950,107326,109961,121353,123552,124950,166847,154357,181873,187010,162606,170681,173987,174274,183600,188829,195747,207035,213010,218608
600,0,,,Income Security,9207,9311,9657,9469,9678,10261,11816,13076,15655,22946,27650,28278,33714,50176,60799,14985,61060,61509,66382,86565,100304,108158,123041,113405,129032,120685,124137,130430,137589,148838,172633,199732,210137,217290,223806,229746,235035,237750,242478,253724,269774,312720,334632,333059,345847,352477,365975,431313,533224,622210,597349,541344,536511,513644,508843,528181,535856,545515,567580,580163,592837
650,0,,,Social security,14365,15788,16620,17460,20694,21725,23854,27298,30270,35872,40157,49090,55867,64658,73899,19763,85061,93861,104073,118547,139584,155964,170724,178223,188623,198756,207352,219341,232542,248623,269014,287584,304585,319565,335846,349671,365251,379215,390037,409423,432958,455980,474680,495548,523305,548549,586153,617027,682963,706737,730811,773290,813551,850533,887753,929444,972596,1031064,1095254,1162465,1229308
650,651,,,Social security,14365,15788,16620,17460,20694,21725,23854,27298,30270,35872,40157,49090,55867,64658,73899,19763,85061,93861,104073,118547,139584,155964,170724,178223,188623,198756,207352,219341,232542,248623,269014,287584,304585,319565,335846,349671,365251,379215,390037,409423,432958,455980,474680,495548,523305,548549,586153,617027,682963,706737,730811,773290,813551,850533,887753,929444,972596,1031064,1095254,1162465,1229308
650,651,,1,(On-budget),0,0,0,0,0,94,94,414,458,465,538,526,494,499,515,0,717,741,757,675,670,844,19993,7056,5189,8072,4930,4852,5069,3625,2619,6166,6236,5683,5476,5802,6879,9146,10824,13254,11701,13969,13279,14348,16526,16058,19307,17830,34071,23317,101933,140387,56009,25946,30990,32779,39514,42942,46761,50746,54735
650,651,,2,(Off-budget),14365,15788,16620,17460,20694,21631,23760,26885,29812,35408,39620,48565,55373,64159,73384,19763,84344,93120,103316,117872,138914,155120,150731,171167,183434,190684,202422,214489,227473,244998,266395,281418,298349,313881,330370,343869,358372,370069,379213,396169,421257,442011,461401,481200,506779,532491,566846,599197,648892,683420,628878,632903,757542,824587,856763,896665,933082,988122,1048493,1111719,1174573
700,701,,,Income security for veterans,3970,4208,4148,4216,4185,4547,4668,5041,5552,5973,6354,6540,6794,7877,8369,2085,9229,9759,10793,11700,12921,13723,14263,14412,14728,15047,14978,15980,16562,15261,16981,17318,17781,19638,18993,18228,20435,21350,22184,24907,22498,26720,29091,30849,35767,35771,35684,41338,45952,49163,58747,55899,65890,70906,76360,87672,86068,84841,96973,102942,108876
700,702,,,"Veterans education, training, and rehabilitation",151,95,71,52,51,300,470,691,1002,1644,1942,2781,3233,4561,5498,777,3683,3337,2725,2310,2226,1917,1598,1333,1029,496,424,424,426,245,393,746,788,1075,1082,1073,1113,1058,1222,1285,1193,1726,2106,2562,2790,2638,2713,2730,3495,8089,10683,10402,12893,13506,13383,14918,15143,15270,16501,17260,18051
700,703,,,Hospital and medical care for veterans,1084,1145,1229,1269,1318,1390,1468,1562,1798,2034,2423,2710,3004,3663,4044,1038,4706,5252,5611,6513,6964,7517,8272,8860,9546,9871,10266,10841,11342,12133,12889,14091,14812,15677,16428,16586,17093,17545,18168,19516,20959,22290,24082,26859,28754,29888,32294,36974,41882,45714,50062,50588,52544,56226,61908,67733,70627,70524,69731,71045,72378
700,704,,,Veterans housing,242,-104,49,5,173,308,215,107,62,-171,-310,-368,-4,39,-58,-47,-131,43,176,-4,217,120,17,257,230,128,344,1305,892,530,100,917,1314,212,344,80,-327,853,580,364,-904,-1006,505,-1982,860,-1242,-868,-419,-578,540,1262,1413,1328,2143,743,625,681,389,460,507,540
700,705,,,Other veterans benefits and services,172,171,179,173,188,190,212,230,255,287,310,340,347,444,565,107,536,571,609,649,645,662,673,712,718,772,717,816,780,865,913,966,947,957,1015,989,969,935,1001,917,1228,1199,1200,1458,1949,2756,2995,4030,4678,4878,6435,6293,6283,6835,7344,7225,8251,8314,8504,8602,8766
700,0,,,Veterans Benefits and Services,5619,5514,5675,5716,5916,6735,7032,7631,8669,9768,10720,12003,13374,16584,18419,3960,18022,18961,19914,21169,22973,23938,24824,25575,26251,26314,26729,29367,30003,29034,31275,34037,35642,37559,37862,36956,39283,41741,43155,46989,44974,50929,56984,59746,70120,69811,72818,84653,95429,108384,127189,124595,138938,149616,159738,178173,180770,179338,192169,200356,208611
750,751,,,751 Federal law enforcement activities,269,288,306,333,355,389,409,470,571,693,843,1020,1129,1426,1604,436,1772,1944,2109,2357,2582,2667,3033,3356,3675,3764,4272,5235,4889,4840,5872,6687,6912,6873,6646,7324,8528,10420,11459,12121,12542,15408,15745,19131,19912,20039,20735,25574,28584,28713,29802,28977,27295,26106,26934,30711,33448,32612,32457,32998,33454
750,752,,,752 Federal litigative and judicial activities,111,124,131,146,153,165,178,202,245,287,347,390,426,550,697,213,842,943,1130,1347,1491,1517,1627,1825,2064,2176,2482,2880,3255,3577,4352,5054,5336,5469,6115,6067,6317,6682,7427,7762,8298,9139,9889,10444,10658,11157,12110,13014,13372,14494,15076,16211,14764,14224,14717,17034,17428,17763,16510,16713,17025
750,753,,,753 Federal correctional activities,49,53,53,57,55,58,63,65,79,94,115,140,179,200,208,57,240,307,337,342,361,364,418,494,537,614,711,930,1044,1291,1600,2114,2124,2315,2749,3013,2939,2682,3204,3707,4206,4746,4580,4750,4845,5052,5172,5655,6009,6327,6546,6753,6761,6751,7049,6966,7433,7617,7596,7728,7882
750,754,,,754 Criminal justice assistance,0,0,0,0,1,6,8,29,65,233,380,624,770,853,921,213,847,729,710,656,473,294,167,136,150,181,250,352,455,477,663,795,822,859,998,1494,2833,3575,4446,4909,5155,5768,5126,11251,4604,4768,4345,3854,4616,4849,4632,4336,3781,3376,3203,9704,5597,5212,5307,5435,5522
750,0,,,"Total, Administration of Justice",429,465,489,536,564,618,659,766,959,1307,1684,2174,2505,3028,3430,918,3701,3923,4286,4702,4908,4842,5246,5811,6426,6735,7715,9397,9644,10185,12486,14650,15193,15516,16508,17898,20617,23359,26536,28499,30201,35061,35340,45576,40019,41016,42362,48097,52581,54383,56056,56277,52601,50457,51903,64415,63906,63204,61870,62874,63883
800,801,,,Legislative functions,178,176,174,189,208,218,237,254,303,342,404,438,521,593,678,183,849,909,921,1038,1041,1181,1196,1319,1355,1383,1444,1599,1776,1759,1871,2084,2120,2032,1996,1967,1925,2007,2095,2227,2315,2639,2847,3195,3460,3455,3553,3667,3823,4100,3974,3908,3729,3568,3760,4105,4267,4361,4459,4543,4613
800,802,,,Executive direction and management,12,13,15,17,17,19,21,25,30,38,59,71,117,63,68,16,76,73,81,97,100,96,96,97,113,109,111,123,129,160,190,188,196,232,217,204,223,272,446,456,457,639,706,503,569,522,490,525,535,528,446,628,478,484,510,528,524,518,532,546,557
800,8903,,,Central fiscal operations,492,542,607,636,671,725,745,790,914,991,1155,1182,1299,1888,1504,360,1869,1988,2163,2603,2601,2577,3039,3238,3480,3625,3894,4783,5734,5824,6132,6628,7017,7370,7900,7445,7383,10064,9434,8285,9144,10215,11455,9301,9515,10163,10298,10553,10752,11906,11631,11985,12051,11695,11096,12155,14688,13438,13851,14593,15199
800,804,,,General property and records management,403,439,532,624,575,646,497,543,551,573,680,818,968,395,46,46,136,261,255,283,97,194,152,150,39,416,90,-232,-432,-33,587,616,924,498,815,682,925,801,-67,-32,-73,-423,200,224,472,327,285,570,554,1194,2304,2247,-10,-386,-490,-292,156,817,891,592,563
800,805,,,Central personnel management,22,22,23,23,25,19,37,38,44,51,57,66,74,88,107,25,100,129,127,154,159,136,115,139,164,126,143,113,139,184,141,214,190,210,134,103,137,116,156,184,184,47,203,217,101,151,-20,-12,102,338,124,67,372,268,81,273,287,292,274,281,285
800,806,,,General purpose fiscal assistance,212,232,241,238,268,305,339,430,535,535,672,7350,6888,7184,7232,3173,9569,8442,8369,8582,6854,6390,6452,6768,6353,6431,1621,1816,2061,2161,2100,1865,1935,1937,2220,2059,2189,2188,1958,2084,2308,2403,7464,7675,3333,3798,3556,4089,4097,5082,7475,7787,7852,7643,7266,6568,7401,7964,9472,11088,12707
800,808,,,Other general government,28,63,150,39,79,101,126,40,121,126,173,157,363,424,393,227,448,448,523,569,745,503,767,548,517,479,806,1891,803,767,1266,1767,1300,968,1594,989,1262,951,2225,2192,1777,2243,2034,2291,2388,1120,1609,1393,3166,1587,3001,3425,5957,3514,3528,2379,3231,2393,2608,2050,1864
800,809,,,Deductions for offsetting receipts,-299,-257,-224,-266,-241,-314,-245,-181,-177,-214,-241,-309,-198,-261,-322,-150,-256,-289,-198,-351,-222,-216,-636,-513,-506,-78,-623,-694,-893,-361,-718,-480,-739,-2087,-1077,-1694,-1497,-855,-884,-2383,-1754,-812,-1745,-1068,-2841,-1359,-2346,-462,-1012,-1721,-1479,-2006,-2692,127,-4782,-1253,-1275,-1299,-1284,-1292,-1302
900,901,,,Interest on Treasury debt securities (gross),9120,9895,10666,11346,12014,13391,14573,16588,19304,20959,21849,24167,29319,32665,37076,8104,41915,48712,59855,74803,95535,117227,128653,153866,178871,190272,195242,214047,240845,264691,285421,292294,292479,296253,332379,343918,355764,363759,353463,361925,359476,332537,318141,321679,352345,405866,429966,451143,383073,413934,453987,359219,415651,429538,402429,447293,511659,576849,662110,731614,793768
900,902,,,Interest received by on-budget trust funds,-824,-895,-1006,-1121,-1259,-1492,-1689,-1953,-2367,-2820,-2983,-3156,-4064,-4861,-4988,-177,-5488,-6128,-7727,-9707,-11523,-13995,-15257,-17044,-21838,-26628,-29614,-34406,-40467,-46321,-50426,-54193,-55537,-56494,-59871,-60869,-63776,-67208,-66520,-69290,-75302,-76494,-72523,-67761,-69153,-71574,-71964,-77821,-63600,-67268,-72030,-14753,-51015,-57848,-45823,-60841,-59015,-56122,-61735,-66142,-73309
900,903,,,Interest received by off-budget trust funds,-609,-582,-607,-648,-642,-792,-979,-1149,-1568,-1942,-2106,-2280,-2520,-2803,-2812,-93,-2650,-2403,-2224,-2339,-2288,-2071,-1845,-3310,-4118,-4329,-5290,-7416,-11395,-15991,-20222,-23637,-26788,-29203,-33305,-36507,-41214,-46629,-52070,-59796,-68811,-76819,-83544,-86228,-91836,-97722,-106003,-113718,-117954,-118502,-115981,-112393,-105650,-100266,-95968,-90654,-88329,-85696,-86284,-82822,-80646
900,908,,,Other interest,-797,-678,-855,-986,-727,-839,-816,-788,-989,-1356,-1282,-1382,-1286,-1756,-2549,-885,-3875,-4724,-7271,-10224,-12958,-16129,-21743,-22410,-23438,-23298,-21727,-20422,-20003,-18032,-20325,-15120,-11442,-7623,-7069,-5489,-6790,-8803,-5117,-9888,-9194,-8275,-6541,-4473,-3945,-7306,-10131,-12874,-14966,-29539,-35872,-8128,-35053,-39900,-37781,-54169,-60836,-49535,-53665,-58731,-64753
900,908,,1,(On-budget),-797,-678,-855,-986,-727,-839,-816,-788,-989,-1356,-1282,-1382,-1286,-1756,-2549,-885,-3875,-4724,-7271,-10224,-12958,-16129,-21743,-22410,-23438,-23298,-21727,-20422,-20003,-18032,-20325,-15120,-11442,-7623,-7069,-5489,-6790,-8802,-5116,-9888,-9194,-8274,-6540,-4473,-3945,-7306,-10131,-12874,-14966,-29539,-35872,-8128,-35053,-39900,-37781,-54169,-60836,-49535,-53665,-58731,-64753
900,908,,2,(Off-budget),0,0,0,0,0,0,0,0,0,0,0,0,0,0,0,0,0,0,0,0,0,0,0,0,0,0,0,0,0,0,0,0,0,0,0,0,0,-1,-1,0,0,-1,-1,0,0,0,0,0,0,0,0,0,0,0,0,0,0,0,0,0,0
900,909,,, Other investment income,0,0,0,0,0,0,0,0,0,0,0,0,0,0,0,0,0,0,0,0,0,0,0,0,0,0,0,0,0,0,0,0,0,0,0,0,0,-1,-1,-2,-2,0,-2460,-2972,-3425,-2661,-4759,6027,349,-2431,-142,-3537,-3048,-2568,324,-1626,-782,-861,-889,-897,-880
900,0,,,Net Interest,6889,7740,8199,8591,9386,10268,11090,12699,14380,14841,15478,17349,21449,23244,26727,6949,29901,35458,42633,52533,68766,85032,89808,111102,129478,136017,138611,151803,168981,184347,194448,199344,198713,202932,232134,241053,243984,241118,229755,222949,206167,170949,153073,160245,183986,226603,237109,252757,186902,196194,229962,220408,220885,228956,223181,240003,302697,384635,459537,523022,574180
900,0,,1,(On-budget),7498,8322,8805,9239,10028,11060,12069,13848,15948,16783,17584,19629,23969,26047,29539,7042,32551,37860,44857,54872,71054,87102,91653,114411,133595,140346,143901,159219,180376,200338,214670,222981,225501,232135,265439,277560,285198,287748,281826,282745,274978,247769,236618,246473,275822,324325,343112,366475,304856,314696,345943,332801,326535,329222,319149,330657,391026,470331,545821,605844,654826
900,0,,2,(Off-budget),-609,-582,-607,-648,-642,-792,-979,-1149,-1568,-1942,-2106,-2280,-2520,-2803,-2812,-93,-2650,-2403,-2224,-2339,-2288,-2071,-1845,-3310,-4118,-4329,-5290,-7416,-11395,-15991,-20222,-23637,-26788,-29203,-33305,-36507,-41214,-46630,-52071,-59796,-68811,-76820,-83545,-86228,-91836,-97722,-106003,-113718,-117954,-118502,-115981,-112393,-105650,-100266,-95968,-90654,-88329,-85696,-86284,-82822,-80646
920,923,,,Immigration Reform,0,0,0,0,0,0,0,0,0,0,0,0,0,0,0,0,0,0,0,0,0,0,0,0,0,0,0,0,0,0,0,0,0,0,0,0,0,0,0,0,0,0,0,0,0,0,0,0,0,0,0,0,0,0,0,0,5000,10000,15000,20000,20000
920,924,,,Adjustment for Budget Control Act Caps (Non-Security),0,0,0,0,0,0,0,0,0,0,0,0,0,0,0,0,0,0,0,0,0,0,0,0,0,0,0,0,0,0,0,0,0,0,0,0,0,0,0,0,0,0,0,0,0,0,0,0,0,0,0,0,0,0,0,0,0,-7558,-12977,-21693,-20808
920,925,,,Future Disaster Costs,0,0,0,0,0,0,0,0,0,0,0,0,0,0,0,0,0,0,0,0,0,0,0,0,0,0,0,0,0,0,0,0,0,0,0,0,0,0,0,0,0,0,0,0,0,0,0,0,0,0,0,0,0,0,0,1875,5500,7625,8375,8875,9375
920,929,,,Placeholder for Outyear OCO Costs,0,0,0,0,0,0,0,0,0,0,0,0,0,0,0,0,0,0,0,0,0,0,0,0,0,0,0,0,0,0,0,0,0,0,0,0,0,0,0,0,0,0,0,0,0,0,0,0,0,0,0,0,0,0,0,0,0,6520,9820,10567,10788
920,0,,,Allowances,0,0,0,0,0,0,0,0,0,0,0,0,0,0,0,0,0,0,0,0,0,0,0,0,0,0,0,0,0,0,0,0,0,0,0,0,0,0,0,0,0,0,0,0,0,0,0,0,0,0,0,0,0,0,0,1875,10500,16587,20218,17749,19355
950,951,,,"Employer share, employee retirement (on-budget)",-5042,-5188,-5413,-5572,-5957,-6242,-6639,-7026,-7808,-8417,-8646,-8759,-9236,-10258,-10761,-2646,-11528,-12401,-13095,-14638,-16473,-18203,-21706,-23219,-24648,-25434,-27259,-29037,-29425,-28044,-30402,-30680,-28186,-28361,-27961,-27259,-27773,-27820,-28209,-30214,-30883,-33489,-39751,-42100,-47977,-49231,-49476,-53033,-56431,-62100,-64581,-68347,-65155,-63612,-65112,-67500,-70948,-71323,-73226,-74897,-76441
950,952,,,"Employer share, employee retirement (off-budget)",-221,-242,-279,-282,-337,-415,-445,-532,-637,-640,-657,-695,-764,-916,-963,-249,-977,-1060,-1114,-1204,-1430,-1646,-1778,-2044,-2509,-2857,-3300,-4382,-4858,-5567,-5804,-6101,-6416,-6409,-6432,-6278,-6483,-7052,-7385,-7637,-7910,-8878,-9602,-11331,-10941,-11625,-12299,-13145,-14226,-14936,-15099,-15592,-16168,-15737,-16008,-16905,-17345,-18009,-18817,-19542,-20309
950,953,,,Rents and royalties on the Outer Continental Shelf,-12,-367,-16,-53,-248,-637,-961,-428,-187,-1051,-279,-3956,-6748,-2428,-2662,-1311,-2374,-2259,-3267,-4101,-10138,-6250,-10491,-6694,-5542,-4716,-4021,-3548,-2929,-3004,-3150,-2498,-2785,-3001,-2418,-3741,-4711,-4522,-3098,-4580,-7194,-5024,-5029,-5106,-6146,-7283,-6763,-18285,-5292,-4883,-6383,-6605,-8874,-7474,-4555,-3826,-4495,-5139,-5874,-6203,-6350
950,954,,,Sale of major assets,0,0,0,0,0,0,0,0,0,0,0,0,0,0,0,0,0,0,0,0,0,0,0,0,0,0,-1875,0,0,0,0,0,0,0,0,0,0,-5158,0,0,0,0,0,0,0,0,0,0,0,0,-2404,-12992,-2588,0,0,0,0,0,0,0,0
950,959,,,Other undistributed offsetting receipts,0,0,0,0,0,0,0,0,0,0,0,0,0,0,0,0,0,0,0,0,0,0,0,0,0,0,0,0,0,0,0,0,0,0,-7644,-342,-11006,-2642,-1753,-150,-1024,-1,0,0,-160,-111,-13700,-1779,-16690,-197,0,0,0,-1221,-30128,-12925,-15700,-8050,-575,-1115,-965
950,0,,,Undistributed Offsetting Receipts,-5274,-5797,-5708,-5908,-6542,-7294,-8045,-7986,-8632,-10107,-9583,-13409,-16749,-13602,-14386,-4206,-14879,-15720,-17476,-19942,-28041,-26099,-33976,-31957,-32698,-33007,-36455,-36967,-37212,-36615,-39356,-39280,-37386,-37772,-44455,-37620,-49973,-47194,-40445,-42581,-47011,-47392,-54382,-58537,-65224,-68250,-82238,-86242,-92639,-82116,-88467,-103536,-92785,-88044,-115803,-101156,-108488,-102521,-98492,-101757,-104065
950,0,,1,(On-budget),-5053,-5555,-5429,-5626,-6205,-6879,-7600,-7454,-7995,-9467,-8926,-12714,-15985,-12686,-13423,-3957,-13902,-14660,-16362,-18738,-26611,-24453,-32198,-29913,-30189,-30150,-33155,-32585,-32354,-31048,-33553,-33179,-30970,-31362,-38023,-31342,-43490,-40142,-33060,-34944,-39101,-38514,-44780,-47206,-54283,-56625,-69939,-73097,-78413,-67180,-73368,-87944,-76617,-72307,-99795,-84251,-91143,-84512,-79675,-82215,-83756
950,0,,2,(Off-budget),-221,-242,-279,-282,-337,-415,-445,-532,-637,-640,-657,-695,-764,-916,-963,-249,-977,-1060,-1114,-1204,-1430,-1646,-1778,-2044,-2509,-2857,-3300,-4382,-4858,-5567,-5804,-6101,-6416,-6409,-6432,-6278,-6483,-7052,-7385,-7637,-7910,-8878,-9602,-11331,-10941,-11625,-12299,-13145,-14226,-14936,-15099,-15592,-16168,-15737,-16008,-16905,-17345,-18009,-18817,-19542,-20309
0,0,,,Total outlays,106821,111316,118528,118228,134532,157464,178134,183640,195649,210172,230681,245707,269359,332332,371792,95975,409218,458746,504028,590941,678241,745743,808364,851805,946344,990382,1004017,1064416,1143743,1252993,1324226,1381529,1409386,1461752,1515742,1560484,1601116,1652458,1701842,1788950,1862846,2010894,2159899,2292841,2471957,2655050,2728686,2982544,3517677,3457079,3603056,3536951,3454647,3506114,3688292,3951307,4147224,4352222,4644309,4879818,5124248
0,0,,1,(On-budget),93286,96352,102794,101699,114817,137040,155798,158436,168042,177346,193470,199961,216496,270780,301098,77281,328675,369585,404941,477044,542956,594892,660934,685632,769396,806842,809243,860012,932832,1027928,1082539,1129191,1142799,1182380,1227078,1259580,1290490,1335854,1381064,1458185,1516008,1655232,1796890,1913330,2069746,2232981,2275049,2507793,3000661,2902397,3104450,3029363,2820836,2800061,2945215,3161649,3318636,3467898,3702365,3871656,4052084
0,0,,2,(Off-budget),13535,14964,15734,16529,19715,20424,22336,25204,27607,32826,37212,45746,52862,61552,70695,18695,80543,89161,99087,113898,135285,150851,147430,166173,176949,183540,194774,204404,210911,225065,241687,252338,266587,279372,288664,300904,310626,316604,320778,330765,346838,355662,363009,379511,402211,422069,453637,474751,517016,554682,498606,507588,633811,706053,743077,789658,828588,884324,941944,1008162,1072164
