<?xml version="1.0" encoding="UTF-8"?>
<!DOCTYPE appendix-chapter
  SYSTEM "appendix_chapter.dtd">
<appendix-chapter id="_AAAA" fiscal-year="2017" fiscal-year-datatype="number"><header>ADVANCE APPROPRIATIONS                                                                                                                                              </header><agency id="_997" agency-code="997"><header>Advance Appropriations                                                                                                                                              </header><agency-intro-section/><bureau-group id="_00"><header>NO BUREAU GROUP                                                 </header><bureau id="_99700" bureau-code="00"><header>Advance Appropriations                                                                                                                                              </header><fund-class id="_997009"><header>No Fund Title</header><fund-group id="DUMMY"><header/><account id="_99700PPPPP" account-code="PPPP" treasury-code="" level-in-dtd="ACCOUNT                                                         " account-deleted="N"><acctgrpheader id="  ">                                                                                                                                                                    </acctgrpheader><header>ADVANCE APPROPRIATIONS                                                                                                                                              </header><transmit id="_99700PPPPP0"><header>Enacted/requested                                               </header><narrative><para indent-level="1" justification="flush"><deleted-phrase>An advance appropriation is one made to become available one year or more beyond the year for which the appropriations act is passed. Advance appropriations in 2016 appropriations acts will become available for programs in 2017 or beyond. Since these appropriations are not available until after 2016, the amounts will not be included in the 2016 totals, but will be reflected in the totals for the year for which they are requested.</deleted-phrase></para><para indent-level="1" justification="flush"><deleted-phrase>The Congressional Budget Act of 1974 (31 U.S.C. 1105(a)(17)) requires inclusion in the budget of information on estimates of appropriations for the fiscal year following the fiscal year for which the budget is submitted for grants, contracts, and other payments under each program for which there is an authorization of appropriations for that following fiscal year when the appropriations are authorized to be included in an appropriation law for the fiscal year before the fiscal year in which the appropriation is to be available for obligation. In fulfillment of this requirement, the accompanying table lists those accounts that have either received discretionary or mandatory advance appropriations since 2014 or will request, in 2016, advance appropriations for 2017 and beyond and cites the applicable authorizing statute.</deleted-phrase></para><para indent-level="1" justification="flush"><deleted-phrase>For additional information on advance appropriations, please refer to the Budget Process chapter in the <italic>Analytical Perspectives</italic> volume.</deleted-phrase></para><para indent-level="1" justification="flush"><deleted-phrase/><added-phrase>An advance appropriation is one made to become available one year or more beyond the year for which the appropriations act is passed. Advance appropriations in 2017 appropriations acts will become available for programs in 2018 or beyond. Since these appropriations are not available until after 2017, the amounts will not be included in the 2017 totals, but will be reflected in the totals for the year for which they are requested.</added-phrase></para><para indent-level="1" justification="flush"><added-phrase>The Congressional Budget Act of 1974 (31 U.S.C. 1105(a)(17)) requires inclusion in the budget of ''information on estimates of appropriations for the fiscal year following the fiscal year for which the budget is submitted for grants, contracts, and other payments under each program for which there is an authorization of appropriations for that following fiscal year when the appropriations are authorized to be included in an appropriation law for the fiscal year before the fiscal year in which the appropriation is to be available for obligation.'' In fulfillment of this requirement, the accompanying table lists those accounts that have either received discretionary or mandatory advance appropriations since 2015 or will request, in 2017, advance appropriations for 2018 and beyond and cites the applicable authorizing statute. </added-phrase></para><para indent-level="1" justification="flush"><added-phrase>For additional information on advance appropriations, please refer to the Budget Process chapter in the <italic>Analytical Perspectives</italic> volume.</added-phrase></para><table tabletype="aaa"><ttitle>Advance Appropriations by Agency in the 2017 Budget</ttitle><subheader>(Budget authority in millions of dollars)</subheader><tgroup cols="5"><thead><row><entry colname="col1"> </entry><entry colname="col2"> </entry><entry colname="col3" colspan="2">Pre-cancellation Enacted Levels</entry><entry colname="col4"> </entry></row><row><entry colname="col1">Agency/Program</entry><entry colname="col2">2015</entry><entry colname="col3">2016</entry><entry colname="col4">2017</entry><entry colname="col5">2018 Request</entry></row></thead><tbody><row><entry colname="col1">Discretionary One-year Advances:</entry><entry colname="col2"/><entry colname="col3"/><entry colname="col4"/><entry colname="col5"/></row><row><entry colname="col1" stub-hierarchy="1">Department of Education (20 U.S.C. 1223):</entry><entry colname="col2"/><entry colname="col3"/><entry colname="col4"/><entry colname="col5"/></row><row><entry colname="col1" entry-modify="force-ldr" stub-hierarchy="2">Education for the Disadvantaged</entry><entry colname="col2">10,841</entry><entry colname="col3">10,841</entry><entry colname="col4">10,841</entry><entry colname="col5">10,841</entry></row><row><entry colname="col1" entry-modify="force-ldr" stub-hierarchy="2">Special Education</entry><entry colname="col2">9,283</entry><entry colname="col3">9,283</entry><entry colname="col4">9,283</entry><entry colname="col5">9,283</entry></row><row><entry colname="col1" entry-modify="force-ldr" stub-hierarchy="2">Career, Technical, and Adult Education</entry><entry colname="col2">791</entry><entry colname="col3">791</entry><entry colname="col4">791</entry><entry colname="col5">791</entry></row><row><entry colname="col1" entry-modify="force-ldr" stub-hierarchy="2">School Improvement Programs</entry><entry colname="col2">1,681</entry><entry colname="col3">1,681</entry><entry colname="col4">1,681</entry><entry colname="col5">1,681</entry></row><row><entry colname="col1" stub-hierarchy="1">Department of Housing and Urban Development (42 U.S.C. 1437 et seq.):</entry><entry colname="col2"/><entry colname="col3"/><entry colname="col4"/><entry colname="col5"/></row><row><entry colname="col1" entry-modify="force-ldr" stub-hierarchy="2">Tenant-Based Rental Assistance</entry><entry colname="col2">4,000</entry><entry colname="col3">4,000</entry><entry colname="col4">4,000</entry><entry colname="col5">4,000</entry></row><row><entry colname="col1" entry-modify="force-ldr" stub-hierarchy="2">Project-Based Rental Assistance</entry><entry colname="col2">400</entry><entry colname="col3">400</entry><entry colname="col4">400</entry><entry colname="col5">400</entry></row><row><entry colname="col1" stub-hierarchy="1">Department of Labor:</entry><entry colname="col2"/><entry colname="col3"/><entry colname="col4"/><entry colname="col5"/></row><row><entry colname="col1" entry-modify="force-ldr" stub-hierarchy="2">Training and Employment Services (29 U.S.C. 2801 et seq.)</entry><entry colname="col2">1,772</entry><entry colname="col3">1,772</entry><entry colname="col4">1,772</entry><entry colname="col5">1,772</entry></row><row><entry colname="col1" stub-hierarchy="1">Department of Veterans Affairs (P.L. 111–81):</entry><entry colname="col2"/><entry colname="col3"/><entry colname="col4"/><entry colname="col5"/></row><row><entry colname="col1" entry-modify="force-ldr" stub-hierarchy="2">Medical Services</entry><entry colname="col2">45,016</entry><entry colname="col3">47,603</entry><entry colname="col4">51,673</entry><entry colname="col5">44,887</entry></row><row><entry colname="col1" entry-modify="force-ldr" stub-hierarchy="2">Medical Support and Compliance</entry><entry colname="col2">5,880</entry><entry colname="col3">6,144</entry><entry colname="col4">6,524</entry><entry colname="col5">6,654</entry></row><row><entry colname="col1" entry-modify="force-ldr" stub-hierarchy="2">Medical Facilities</entry><entry colname="col2">4,739</entry><entry colname="col3">4,915</entry><entry colname="col4">5,074</entry><entry colname="col5">5,435</entry></row><row><entry colname="col1" entry-modify="force-ldr" stub-hierarchy="2">Medical Community Care<superscript>1</superscript></entry><entry colname="col2"><italic>.......</italic></entry><entry colname="col3"><italic>.......</italic></entry><entry colname="col4"><italic>(7,246)</italic></entry><entry colname="col5">9,409</entry></row><row><entry colname="col1" entry-modify="force-ldr" stub-hierarchy="3"><italic>Enacted (P.L. 113–235 and P.L. 114–113) Cancellations and Reappropriations</italic><superscript>2</superscript></entry><entry colname="col2"><italic> -1,750</italic></entry><entry colname="col3"><italic> -1,750</italic></entry><entry colname="col4"><italic>.......</italic></entry><entry colname="col5"><italic>.......</italic></entry></row><row><entry colname="col1" entry-modify="force-ldr" stub-hierarchy="3"><italic>2015 Enacted Cancellations (P.L. 113–235) </italic></entry><entry colname="col2"><italic> -37</italic></entry><entry colname="col3"><italic>.......</italic></entry><entry colname="col4"><italic>.......</italic></entry><entry colname="col5"><italic>.......</italic></entry></row><row><entry colname="col1">General Services Administration (40 U.S.C. 592):</entry><entry colname="col2"/><entry colname="col3"/><entry colname="col4"/><entry colname="col5"/></row><row><entry colname="col1" entry-modify="force-ldr" stub-hierarchy="2">Federal Buildings Fund<superscript>3</superscript></entry><entry colname="col2">.......</entry><entry colname="col3">.......</entry><entry colname="col4">.......</entry><entry colname="col5">10,164</entry></row><row><entry colname="col1" stub-hierarchy="1">Postal Service:</entry><entry colname="col2"/><entry colname="col3"/><entry colname="col4"/><entry colname="col5"/></row><row><entry colname="col1" entry-modify="force-ldr" stub-hierarchy="2">Payment to Postal Service Fund (39 U.S.C. 2401)</entry><entry colname="col2">71</entry><entry colname="col3">41</entry><entry colname="col4">.......</entry><entry colname="col5">.......</entry></row><row><entry colname="col1">Discretionary Two-year Advances:</entry><entry colname="col2"/><entry colname="col3"/><entry colname="col4"/><entry colname="col5"/></row><row><entry colname="col1" entry-modify="force-ldr" stub-hierarchy="2">Corporation for Public Broadcasting (47 U.S.C. 396)<superscript>4</superscript></entry><entry colname="col2" rowsep="1">445</entry><entry colname="col3" rowsep="1">445</entry><entry colname="col4" rowsep="1">445</entry><entry colname="col5" rowsep="1">445</entry></row><row><entry colname="col1" entry-modify="force-ldr" stub-hierarchy="1"><italic>Subtotal, Discretionary Advance Appropriations</italic></entry><entry colname="col2"><italic>83,132</italic></entry><entry colname="col3"><italic>86,166</italic></entry><entry colname="col4"><italic>92,484</italic></entry><entry colname="col5"><italic>105,762</italic></entry></row><row><entry colname="col1">Mandatory:</entry><entry colname="col2"/><entry colname="col3"/><entry colname="col4"/><entry colname="col5"/></row><row><entry colname="col1" stub-hierarchy="1">Department of Agriculture:</entry><entry colname="col2"/><entry colname="col3"/><entry colname="col4"/><entry colname="col5"/></row><row><entry colname="col1" entry-modify="force-ldr" stub-hierarchy="2">Supplemental Nutrition Assistance Program (7 U.S.C. 2027)</entry><entry colname="col2">........</entry><entry colname="col3">........</entry><entry colname="col4">........</entry><entry colname="col5">19,647</entry></row><row><entry colname="col1" stub-hierarchy="1">Department of Health and Human Services:</entry><entry colname="col2"/><entry colname="col3"/><entry colname="col4"/><entry colname="col5"/></row><row><entry colname="col1" entry-modify="force-ldr" stub-hierarchy="2">Grants to States for Medicaid (42 U.S.C. 1396–1)</entry><entry colname="col2">103,472</entry><entry colname="col3">113,272</entry><entry colname="col4">115,582</entry><entry colname="col5">125,219</entry></row><row><entry colname="col1" entry-modify="force-ldr" stub-hierarchy="2">Payments to States for Child Support Enforcement and Family Support (24 U.S.C. Ch. 9)</entry><entry colname="col2">1,250</entry><entry colname="col3">1,160</entry><entry colname="col4">1,300</entry><entry colname="col5">1,400</entry></row><row><entry colname="col1" entry-modify="force-ldr" stub-hierarchy="2">Payments for Foster Care and Permanency (P.L. 96–272)</entry><entry colname="col2">2,200</entry><entry colname="col3">2,300</entry><entry colname="col4">2,300</entry><entry colname="col5">2,500</entry></row><row><entry colname="col1" stub-hierarchy="1">Department of Labor:</entry><entry colname="col2"/><entry colname="col3"/><entry colname="col4"/><entry colname="col5"/></row><row><entry colname="col1" entry-modify="force-ldr" stub-hierarchy="2">Special Benefits for Disabled Coal Miners (30 U.S.C. 921)</entry><entry colname="col2">24</entry><entry colname="col3">21</entry><entry colname="col4">19</entry><entry colname="col5">16</entry></row><row><entry colname="col1">Department of Veterans Affairs (P.L. 113–235):<superscript>5</superscript></entry><entry colname="col2"/><entry colname="col3"/><entry colname="col4"/><entry colname="col5"/></row><row><entry colname="col1" entry-modify="force-ldr" stub-hierarchy="2">Compensation and Pensions</entry><entry colname="col2">.......</entry><entry colname="col3">.......</entry><entry colname="col4">86,083</entry><entry colname="col5">89,941</entry></row><row><entry colname="col1" entry-modify="force-ldr" stub-hierarchy="2">Readjustment Benefits</entry><entry colname="col2">.......</entry><entry colname="col3">.......</entry><entry colname="col4">16,341</entry><entry colname="col5">13,683</entry></row><row><entry colname="col1" entry-modify="force-ldr" stub-hierarchy="2">Veterans Insurance and Indemnities</entry><entry colname="col2">.......</entry><entry colname="col3">.......</entry><entry colname="col4">92</entry><entry colname="col5">108</entry></row><row><entry colname="col1" stub-hierarchy="1">Social Security Administration:</entry><entry colname="col2"/><entry colname="col3"/><entry colname="col4"/><entry colname="col5"/></row><row><entry colname="col1" entry-modify="force-ldr" stub-hierarchy="2">Supplemental Security Income Program (42 U.S.C. 1381)</entry><entry colname="col2" rowsep="1">19,700</entry><entry colname="col3" rowsep="1">19,200</entry><entry colname="col4" rowsep="1">14,500</entry><entry colname="col5" rowsep="1">15,000</entry></row><row><entry colname="col1" entry-modify="force-ldr" stub-hierarchy="1"><italic>Total, Advance Appropriations</italic></entry><entry colname="col2"><italic>209,778</italic></entry><entry colname="col3"><italic>222,119</italic></entry><entry colname="col4"><italic>328,701</italic></entry><entry colname="col5"><italic>373,276</italic></entry></row></tbody></tgroup><tablenote><superscript>1</superscript>Consistent with section 4003 of the Surface Transportation and Veterans Health Care Choice Improvement Act of 2015 (P.L. 114–41), the Budget requests $7.2 billion be reallocated from the 2017 advance appropriation enacted in the Consolidated Appropriations Act, 2016 (P.L. 114–113) to the new Medical Community Care account and includes the new account in its advance appropriations request for veterans medical care for 2018.</tablenote><tablenote><superscript>2</superscript>The Consolidated and Further Continuing Appropriations Act, 2015 (P.L. 113–235) cancelled $1,750 million from the one-year funds advance appropriated for 2015 in P.L. 113–76 and reappropriated an equal amount with an extended period of availability. The Consolidated Appropriations Act, 2016 (P.L. 114–113) cancelled $1,750 million from the one-year funds advance appropriated for 2016 in P.L. 113–235 and reappropriated an equal amount with an extended period of availability.</tablenote><tablenote><superscript>3</superscript>The requested advance appropriation for the General Services Administration will be fully offset in 2018 by collections in the Federal Buildings Fund.</tablenote><tablenote><superscript>4</superscript>The 2017 request includes a 2019 advance appropriation for the Corporation for Public Broadcasting of $445 million, consistent with the historical practice of providing the Corporation a two-year advance appropriation.</tablenote><tablenote><superscript>5</superscript>The 2018 amounts are net of the $178 million in savings for Compensation and Pension and $26 million in savings for Readjustment Benefits that will result from enactment of authorizing legislation that is proposed as part of the 2017 President's Budget.</tablenote></table></narrative></transmit></account></fund-group></fund-class></bureau></bureau-group></agency></appendix-chapter>