<?xml version="1.0" encoding="utf-8"?>
<!DOCTYPE appendix-chapter
  SYSTEM "appendix_chapter.dtd">
<appendix-chapter id="_DBEA" fiscal-year="2017" fiscal-year-datatype="number"><header>DETAILED BUDGET ESTIMATES                                                                                                                                           </header><agency id="_998" agency-code="998"><header>Detailed Budget Estimates                                                                                                                                           </header><agency-intro-section/><bureau-group id="_00"><header>NO BUREAU GROUP                                                 </header><bureau id="_99800" bureau-code="00"><header>Detailed Budget Estimates                                                                                                                                           </header><fund-class id="_998009"><header>No Fund Title</header><fund-group id="DUMMY"><header/><account id="_99800PPPPP" account-code="PPPP" treasury-code="" level-in-dtd="ACCOUNT                                                         " account-deleted="N"><acctgrpheader id="  ">                                                                                                                                                                    </acctgrpheader><header>EXPLANATION OF ESTIMATES                                                                                                                                            </header><transmit id="_99800PPPPP0"><header>Enacted/requested                                               </header><narrative><para indent-level="1" justification="flush">The Budget <italic>Appendix</italic> contains various tables and schedules in support of the Budget. It includes explanations of the work to be performed and the money needed. It includes the language proposed for enactment by the Congress on each item that requires congressional action in an appropriations bill. It also contains the language proposed for the general provisions of appropriations acts that apply to entire agencies or groups of agencies. The chapter, "Budget Concepts," in the <italic>Analytical Perspectives</italic>, explains the terms and budget concepts used throughout the Budget.</para><subheader>ARRANGEMENT</subheader><para indent-level="1" justification="flush">The second chapter in the <italic>Appendix</italic> presents general provisions of law that apply to all Government activities (see explanation below). Chapters for the Legislative Branch and the Judiciary follow. These are succeeded by chapters for the Executive Branch. The cabinet departments appear first in alphabetical order and are followed by the larger non-departmental agencies, such as Other Defense—Civil Programs, and the Executive Office of the President. The remaining small agencies are listed under the heading Other Independent Agencies. If the amounts in the individual accounts for other independent agencies are below the million dollar reporting threshold applicable to data in the <italic>Appendix</italic>, the data are consolidated into a single set of schedules under "Other Commissions and Boards." Appropriations language for these agencies is presented individually under the same heading.</para><para indent-level="1" justification="flush">A section for a large agency is usually organized by major subordinate organizations within the agency (usually bureaus) or by major program area (such as military personnel in the Department of Defense).</para><para indent-level="1" justification="flush">Within each bureau or major program area, accounts usually appear in the following order:</para><para indent-level="1" justification="flush">—general fund accounts;</para><para indent-level="1" justification="flush">—special fund accounts;</para><para indent-level="1" justification="flush">—public enterprise revolving funds;</para><para indent-level="1" justification="flush">—intragovernmental revolving funds and management funds;</para><para indent-level="1" justification="flush">—credit reform accounts, in the following order: program account, financing account, and liquidating account;</para><para indent-level="1" justification="flush">—trust funds; and</para><para indent-level="1" justification="flush">—trust revolving funds.</para><para indent-level="1" justification="flush">By law, the Old-Age and Survivors Insurance and Disability Insurance trust funds (Social Security) are outside the budget totals. These accounts are presented in the Social Security Administration section. Also, by law, the Postal Service Fund is outside the budget totals. A presentation for the Fund is included in the Other Independent Agencies section.</para><para indent-level="1" justification="flush">General provisions are provisions in appropriations acts that apply to more than one appropriation. They usually appear in separate titles of the appropriations acts. The proposed language for general provisions of appropriations acts that are applicable to one agency appear at the end of the section for that agency. When they apply only to the appropriations for two or more agencies covered by the act, they will appear at the end of the section for one of those agencies. The Government-wide general provisions apply to all appropriations Government-wide.</para><para indent-level="1" justification="flush">The following table indicates the location of all general provisions. The first column of the table lists the most recently enacted appropriations and the major agencies responsible for programs funded by each act. The second column provides the location of the general provisions that apply to the agencies listed in the first column. The general provisions that are Government-wide in scope (identified as "Departments, Agencies, and Corporations") contained in the Financial Services and General Government Appropriations Act, appear in a separate chapter following this one.</para><table tabletype="dbe2"><tgroup cols="2"><thead><row><entry colname="col1">Appropriations Act</entry><entry colname="col2">Chapter in which general provisions appear</entry></row></thead><tbody><row><entry colname="col1"/><entry colname="col2"/></row><row><entry colname="col1">Agriculture, Rural Development, Food and Drug Administration, and Related</entry><entry colname="col2"/></row><row><entry colname="col1" stub-hierarchy="1">Agencies Appropriations Act, P.L. 114–113.</entry><entry colname="col2"/></row><row><entry colname="col1" stub-hierarchy="2" entry-modify="force-ldr">Department of Agriculture, excluding Forest Service</entry><entry colname="col2">Department of Agriculture</entry></row><row><entry colname="col1" stub-hierarchy="2" entry-modify="force-ldr">Department of Health and Human Services, Food and Drug Administration</entry><entry colname="col2">Department of Agriculture</entry></row><row><entry colname="col1"/></row><row><entry colname="col1">Commerce, Justice, Science, and Related Agencies Appropriations Act,</entry><entry colname="col2"/></row><row><entry colname="col1" stub-hierarchy="1">P.L. 114–113.</entry><entry colname="col2"/></row><row><entry colname="col1" stub-hierarchy="2" entry-modify="force-ldr">Department of Commerce</entry><entry colname="col2">Department of Commerce</entry></row><row><entry colname="col1" stub-hierarchy="2" entry-modify="force-ldr">Department of Justice</entry><entry colname="col2">Department of Justice</entry></row><row><entry colname="col1" stub-hierarchy="2" entry-modify="force-ldr">National Aeronautics and Space Administration</entry><entry colname="col2">Department of Commerce</entry></row><row><entry colname="col1" stub-hierarchy="2" entry-modify="force-ldr">National Science Foundation</entry><entry colname="col2">Department of Commerce</entry></row><row><entry colname="col1"/></row><row><entry colname="col1">Department of Defense Appropriations Act, P.L. 114–113.</entry><entry colname="col2">Department of Defense</entry></row><row><entry colname="col1"/></row><row><entry colname="col1">Energy and Water Development and Related Agencies Appropriations Act,</entry><entry colname="col2"/></row><row><entry colname="col1" stub-hierarchy="1">P.L. 114–113.</entry><entry colname="col2"/></row><row><entry colname="col1" stub-hierarchy="2" entry-modify="force-ldr">Department of Energy</entry><entry colname="col2">Department of Energy</entry></row><row><entry colname="col1" stub-hierarchy="2" entry-modify="force-ldr">Corps of Engineers</entry><entry colname="col2">Corps of Engineers—Civil Works</entry></row><row><entry colname="col1" stub-hierarchy="2" entry-modify="force-ldr">Department of the Interior, Bureau of Reclamation</entry><entry colname="col2">Department of the Interior</entry></row><row><entry colname="col1"/></row><row><entry colname="col1">Financial Services and General Government Appropriations Act,</entry><entry colname="col2"/></row><row><entry colname="col1" stub-hierarchy="1">P.L. 114–113.</entry><entry colname="col2"/></row><row><entry colname="col1" stub-hierarchy="2" entry-modify="force-ldr">Department of the Treasury</entry><entry colname="col2">Department of the Treasury</entry></row><row><entry colname="col1" stub-hierarchy="2" entry-modify="force-ldr">District of Columbia</entry><entry colname="col2">Other Independent Agencies</entry></row><row><entry colname="col1" stub-hierarchy="2" entry-modify="force-ldr">Executive Office of the President</entry><entry colname="col2">Department of the Treasury</entry></row><row><entry colname="col1"/></row><row><entry colname="col1">Department of Homeland Security Appropriations Act, P.L. 114–113.</entry><entry colname="col2">Department of Homeland Security</entry></row><row><entry colname="col1"/></row><row><entry colname="col1">Department of the Interior, Environment, and Related Agencies</entry><entry colname="col2"/></row><row><entry colname="col1" stub-hierarchy="1">Appropriations Act, P.L. 114–113.</entry><entry colname="col2"/></row><row><entry colname="col1" stub-hierarchy="2" entry-modify="force-ldr">Department of the Interior, excluding Bureau of Reclamation</entry><entry colname="col2">Department of the Interior</entry></row><row><entry colname="col1" stub-hierarchy="2" entry-modify="force-ldr">Department of Agriculture, Forest Service</entry><entry colname="col2">Department of the Interior</entry></row><row><entry colname="col1" stub-hierarchy="2" entry-modify="force-ldr">Department of Health and Human Services, Indian Health Service</entry><entry colname="col2">Department of the Interior</entry></row><row><entry colname="col1" stub-hierarchy="2" entry-modify="force-ldr">Environmental Protection Agency</entry><entry colname="col2">Department of the Interior</entry></row><row><entry colname="col1"/></row><row><entry colname="col1">Departments of Labor, Health and Human Services, and Education, and</entry><entry colname="col2"/></row><row><entry colname="col1" stub-hierarchy="1">Related Agencies Appropriations Act, P.L. 114–113.</entry><entry colname="col2"/></row><row><entry colname="col1" stub-hierarchy="2" entry-modify="force-ldr">Department of Labor</entry><entry colname="col2">Department of Labor</entry></row><row><entry colname="col1" stub-hierarchy="2">Department of Health and Human Services, excluding Food and Drug</entry><entry colname="col2"/></row><row><entry colname="col1" stub-hierarchy="3" entry-modify="force-ldr">Administration, and the Indian Health Service</entry><entry colname="col2">Department of Health and Human Services</entry></row><row><entry colname="col1" stub-hierarchy="2" entry-modify="force-ldr">Department of Education</entry><entry colname="col2">Department of Education</entry></row><row><entry colname="col1" stub-hierarchy="2" entry-modify="force-ldr">Social Security Administration</entry><entry colname="col2">Department of Labor</entry></row><row><entry colname="col1"/></row><row><entry colname="col1">Legislative Branch Appropriations Act, P.L. 114–113.</entry><entry colname="col2">Legislative Branch</entry></row><row><entry colname="col1"/></row><row><entry colname="col1">Military Construction and Veterans Affairs and Related Agencies</entry><entry colname="col2"/></row><row><entry colname="col1" stub-hierarchy="1">Appropriations Act, P.L. 114–113.</entry><entry colname="col2"/></row><row><entry colname="col1" stub-hierarchy="2" entry-modify="force-ldr">Department of Defense, Military Construction</entry><entry colname="col2">Department of Defense</entry></row><row><entry colname="col1" stub-hierarchy="2" entry-modify="force-ldr">Department of Veterans Affairs</entry><entry colname="col2">Department of Veterans Affairs</entry></row><row><entry colname="col1"/></row><row><entry colname="col1">Department of State, Foreign Operations, and Related Programs</entry><entry colname="col2"/></row><row><entry colname="col1" stub-hierarchy="1">Appropriations Act, P.L. 114–113.</entry><entry colname="col2"/></row><row><entry colname="col1" stub-hierarchy="2" entry-modify="force-ldr">Department of State</entry><entry colname="col2">Department of State and Other International Programs</entry></row><row><entry colname="col1" stub-hierarchy="2" entry-modify="force-ldr">Agency for International Development</entry><entry colname="col2">Department of State and Other International Programs</entry></row><row><entry colname="col1"/></row><row><entry colname="col1">Transportation, Housing and Urban Development, and Related Agencies</entry><entry colname="col2"/></row><row><entry colname="col1" stub-hierarchy="1">Appropriations Act, P.L. 114–113.</entry><entry colname="col2"/></row><row><entry colname="col1" stub-hierarchy="2" entry-modify="force-ldr">Department of Transportation</entry><entry colname="col2">Department of Transportation</entry></row><row><entry colname="col1" stub-hierarchy="2" entry-modify="force-ldr">Department of Housing and Urban Development</entry><entry colname="col2">Department of Housing and Urban Development</entry></row></tbody></tgroup></table><subheader>FORM OF DETAILED MATERIAL</subheader><subheader>APPROPRIATIONS LANGUAGE</subheader><para indent-level="1" justification="flush">The language proposed for inclusion in the 2017 appropriations acts appears following the account title, and the amounts are stated in dollars. Accounts included in the enacted 2016 appropriations bills are printed in roman type as a base. Bolded brackets enclose material that is proposed for deletion; italic type indicates proposed new language. The citation to the specific appropriations act from which the basic text of the 2016 language is taken appears at the end of the final language paragraph, printed in italic type within parentheses. If an appropriation is being proposed for the first time for an account assumed to be covered by these bills in 2017, all of the language is printed in italics. An illustration of proposed appropriations language for 2017 follows:</para><subheader>NATIONAL EYE INSTITUTE</subheader><para indent-level="1" justification="flush">For carrying out section 301 and title IV of the PHS Act with respect to eye diseases and visual disorders, [$715,903,000] <italic>$</italic><italic>687,249</italic><italic>,000</italic>. <italic>(Department of Health and Human Services Appropriations Act, </italic><italic>2016</italic><italic>.)</italic></para><subheader/><subheader>BASIS FOR SCHEDULES</subheader><para indent-level="1" justification="flush">Dollar amounts in <italic>Appendix</italic> schedules are stated in millions, unless otherwise specified.</para><para indent-level="1" justification="flush">The 2015 column of the budget presents the actual transactions and balances for that year, as recorded in agency accounts.</para><para indent-level="1" justification="flush">For 2016, the regular schedules include the enacted appropriations. They may also include indefinite appropriations on the basis of amounts likely to be required.</para><para indent-level="1" justification="flush">The 2017 column of the regular schedules includes proposed appropriations for all programs.</para><para indent-level="1" justification="flush">Amounts for proposed new legislation are shown generally in separate schedules, following the regular schedules or in budget sequence in the respective bureau. These schedules are identified as "Legislative proposals, subject to PAYGO" or "Legislative proposals not subject to PAYGO." The term "PAYGO" refers to the "pay-as-you-go" requirements of the Statutory Pay-As-You-Go Act of 2010. Appropriations language is included with the regular schedule, but usually not with the separate schedules for proposed legislation. Usually the necessary appropriations language is transmitted later upon enactment of the proposed legislation.</para><subheader>PROGRAM AND FINANCING SCHEDULE</subheader><para indent-level="1" justification="flush">This schedule provides the following information:</para><para indent-level="1" justification="flush">—obligations by program activity;</para><para indent-level="1" justification="flush">—budgetary resources;</para><para indent-level="1" justification="flush">—change in obligated balance; and</para><para indent-level="1" justification="flush">—budget authority and outlays, net.</para><para indent-level="1" justification="flush">The "Obligations by program activity" section shows obligations for specific activities or projects. The activity structure is developed for each appropriation or fund account to provide a meaningful presentation of information for the program. Where the amounts are significant, this section distinguishes between operating expenses and capital investment and between direct and reimbursable programs. The last entry, "Total new obligations," indicates the amount of budgetary resources required to finance the activities of the account.</para><para indent-level="1" justification="flush">The "Budgetary resources" section shows the budgetary resources available or estimated to be available to finance the obligations. The resources available for obligation include the start-of-year unobligated balances of prior year's resources that have not expired, new budget authority, and adjusting entries, such as recoveries from prior year obligations. This section provides detailed information on the total new budget authority (gross) available to finance the program. It includes information on the type of budget authority that is available, reductions, and amounts precluded from obligation. It indicates whether the budget authority is discretionary (controlled by appropriations acts) or mandatory (controlled by other laws).</para><para indent-level="1" justification="flush">The "Change in obligated balance" section shows components of the change in obligated balances from the start to the end of the year. The two components of the obligated balance—unpaid obligations and uncollected payments from Federal sources—are presented separately. New obligations are added to the obligations that were incurred in a previous year but not liquidated. Total disbursements to liquidate obligations (outlays, gross) are subtracted from these amounts. Adjusting entries, such as adjustments in expired accounts and recoveries of prior year unpaid obligations, are included as appropriate, resulting in the end-of-year obligated balance.</para><para indent-level="1" justification="flush">The "Budget authority and outlays, net" section bridges from gross budget authority and outlays to net budget authority and outlays. The section presents discretionary and mandatory amounts separately and indicates whether the outlays pertain to balances or new authority. It also indicates the amounts to be deducted from gross budget authority and outlays and the resulting net budget authority and outlay amounts. Offsetting collections (cash) and the change in uncollected payments from Federal sources are deducted from gross budget authority; only offsetting collections (cash) are deducted from gross outlays.</para><para indent-level="1" justification="flush">A schedule titled "Summary of Budget Authority and Outlays" immediately follows the first program and financing schedule for any account that has additional program and financing schedules for supplemental requests, legislative proposals, or current year cancellation proposals.</para><subheader>NARRATIVE STATEMENT OF PROGRAM AND PERFORMANCE</subheader><para indent-level="1" justification="flush">Narrative statements present briefly the objectives of the program and the work to be financed primarily for 2017. They may include measures of expected performance and describe a relationship to the financial estimates.</para><subheader>SCHEDULE OF OBJECT CLASSIFICATION AND EMPLOYMENT SUMMARY</subheader><para indent-level="1" justification="flush">Object classes reflect the nature of the things or services purchased, regardless of the purpose of the program for which they are used. Object class entry 11.9, "Total personnel compensation" sums the amounts in object classes 11.1 through 11.8. Except for revolving funds, reimbursable obligations are aggregated in a single line and not identified by object class. Amounts for any object class that are below the reporting threshold (i.e., amounts that are $500 thousand or less) are reported together as a single entry. If all of the obligations for an account are in a single object class, the schedule is omitted and the object class code is printed in the Program and Financing Schedule on the "Total new obligations" line.</para><para indent-level="1" justification="flush">When obligations for personnel compensation are shown in the object classification schedule, an employment summary generally follows the object classification schedule.</para><para indent-level="1" justification="flush">Federal civilian employment generally is stated on a full-time equivalent (FTE) basis. It is the total number of hours worked (or to be worked) divided by the number of compensable hours applicable to each fiscal year.</para><subheader>BALANCE SHEETS</subheader><para indent-level="1" justification="flush">Balance sheets are presented for all direct and guaranteed loan liquidating and financing accounts and most Government-sponsored enterprises.</para><para indent-level="1" justification="flush">The balance sheets show assets, liabilities, and equity for the fund at the close of each fiscal year. In addition to this information, which is similar to commercial balance sheet data, budget needs also require additional information, such as appropriated capital, which is shown in the equity section. The amounts in the 2014 column are audited.</para><subheader>FEDERAL CREDIT SCHEDULES</subheader><para indent-level="1" justification="flush">Federal credit programs provide benefits to the public in the form of direct loans and loan guarantees. The Federal Credit Reform Act of 1990 requires that the costs of direct and guaranteed loans of a program be calculated on a net present value basis, excluding administrative costs. For most programs, direct loan obligations and loan guarantee commitments cannot be made unless appropriations for the cost have been provided in advance in annual appropriations acts. Annual limitations on the amount of obligations and commitments may also be enacted in appropriations language. For additional information on Federal Credit Reform Act accounts, see below.</para><para indent-level="1" justification="flush">Appropriations for the costs of direct loans and loan guarantees are recorded as budget authority in credit program accounts. The administrative expenses associated with a credit program are also recorded in the program account, but on a cash basis. All cash flows to and from the public arising from direct loan obligations and loan guarantee commitments are recorded in separate financing accounts. The transactions of the financing accounts are not included in the budget totals. Program accounts make subsidy payments, recorded as budget outlays, to the financing accounts at the time of the disbursement of the direct or guaranteed loans.</para><para indent-level="1" justification="flush">The transactions associated with direct loan obligations and loan guarantee commitments made prior to 1992 continue to be accounted for on a cash flow basis and are recorded in liquidating accounts. In most cases, the liquidating account is the account that was used for the program prior to the enactment of the new requirements.</para><para indent-level="1" justification="flush">Program and Financing schedules (described above) are shown for program, financing, and liquidating accounts. In addition, a Summary of Loan Levels, Subsidy Budget Authority, and Outlays by Program schedule is shown for program accounts. This schedule displays credit program information at the risk category level. Status of Direct Loans and Status of Guaranteed Loans schedules (as applicable) are shown for financing accounts and liquidating accounts. Summary information on Federal credit programs is provided in the chapter titled "Credit and Insurance'' in the <italic>Analytical Perspectives</italic> volume of the Budget.</para><subheader>SPECIAL AND TRUST FUND RECEIPTS SCHEDULE</subheader><para indent-level="1" justification="flush">This schedule is printed for special fund and trust fund accounts to show the amount of receipts that are credited to them. It also shows any balances of unappropriated receipts or receipts that are only available for investment or precluded from obligation because of a provision of law, such as a benefit formula or limitation on obligations. When present, it appears after the appropriation language, but before the Program and Financing schedule for the account.</para><subheader>STATUS OF FUNDS SCHEDULE</subheader><para indent-level="1" justification="flush">This schedule reports balances, cash income, and cash outgo for major trust funds and certain other accounts. It also includes outstanding debt for certain funds. When present, it appears after the narrative statement for the account.</para><subheader>GENERAL FUND RECEIPT ACCOUNTS SCHEDULE</subheader><para indent-level="1" justification="flush">This schedule shows the amount of receipts attributed to an agency that are credited to the general fund of the Treasury. It is printed at the end of the presentation for the agency, before any general provisions.</para><subheader>ALLOCATIONS BETWEEN AGENCIES</subheader><para indent-level="1" justification="flush">In some cases, funds appropriated to the President or to an agency are allocated to one or more agencies that help to carry out a program. Obligations incurred under such allocations are included in the data for the account to which the appropriation is made in the allocating agency. The object classification schedule for such accounts identifies the amount of such obligations by performing agency. A note at the end of a bureau or equivalent grouping identifies allocations received from other agencies.</para><subheader>FEDERAL CREDIT REFORM ACT ACCOUNTS</subheader><subheader>PROGRAM ACCOUNTS</subheader><para indent-level="1" justification="flush">As required by the Federal Credit Reform Act of 1990, this account records, for this program, the subsidy costs associated with the direct loans obligated and loan guarantees committed in 1992 and beyond (including modifications of direct loans or loan guarantees that resulted from obligations or commitments in any year), as well as administrative expenses of this program. The subsidy amounts are estimated on a present value basis; the administrative expenses are estimated on a cash basis.</para><subheader>DIRECT LOAN FINANCING ACCOUNTS</subheader><para indent-level="1" justification="flush">As required by the Federal Credit Reform Act of 1990, this non-budgetary account records all cash flows to and from the Government resulting from direct loans obligated in 1992 and beyond (including modifications of direct loans that resulted from obligations in any year). The amounts in this account are a means of financing and are not included in the budget totals.</para><subheader>GUARANTEED LOAN FINANCING ACCOUNTS</subheader><para indent-level="1" justification="flush">As required by the Federal Credit Reform Act of 1990, this non-budgetary account records all cash flows to and from the Government resulting from loan guarantees committed in 1992 and beyond (including modifications of loan guarantees that resulted from commitments in any year). The amounts in this account are a means of financing and are not included in the budget totals.</para><subheader>BUDGETS FOR OFFICES OF INSPECTOR GENERAL</subheader><para indent-level="1" justification="flush">The "separate statement of the budget estimate" for each Office of Inspector General, referenced in Section 6(f)(3)(A) of the Inspector General Act of 1978, as amended, is included in the respective congressional justification for that Office.</para><subheader>BUDGETS NOT SUBJECT TO REVIEW</subheader><para indent-level="1" justification="flush">In accordance with law or established practice, the presentations for the Legislative Branch, the Judiciary, the Milk Market Orders Assessment Fund of the Department of Agriculture, and the International Trade Commission have been included, without review, in the amounts submitted by the agencies.</para><para indent-level="1" justification="flush">The budgets of the privately owned Government-sponsored enterprises and the Board of Governors of the Federal Reserve System are not subject to review. Data for these entities are included for information purposes only.</para></narrative></transmit></account></fund-group></fund-class></bureau></bureau-group></agency></appendix-chapter>