<?xml version="1.0" encoding="utf-8"?>
<!DOCTYPE appendix-chapter
  SYSTEM "appendix_chapter.dtd">
<appendix-chapter id="_060A" fiscal-year="2017" fiscal-year-datatype="number"><header>FINANCING VEHICLES AND THE BOARD OF GOVERNORS OF THE FEDERAL RESERVE                                                                                                </header><agency id="_920" agency-code="920"><header>Financing Vehicles and the Board of Governors of the Federal Reserve                                                                                                </header><agency-intro-section/><bureau-group id="_00"><header>NO BUREAU GROUP                                                 </header><bureau id="_92000" bureau-code="00"><header>Financing Vehicles and the Board of Governors of the Federal Reserve                                                                                                </header><bureau-intro-section><subheader/><narrative><para indent-level="1" justification="flush">This chapter contains descriptions of and data on financing vehicles and the Board of Governors of the Federal Reserve System. The Financing Corporation functions as a financing vehicle for the Federal Savings and Loan Insurance Corporation (FSLIC) Resolution Fund. The Resolution Funding Corporation provided financing for the Resolution Trust Corporation (RTC) and is subject to the general oversight and direction of the Secretary of the Treasury.</para><para indent-level="1" justification="flush">The Board of Governors of the Federal Reserve System's transactions are not included in the Budget because of its unique status in the conduct of monetary policy. The Board provides data on its administrative budget, which is included here for information. Its budget is not subject to review by the President and is executed and presented here on a calendar-year basis.</para><para indent-level="1" justification="flush">The 2014 balance sheets for the Financing Corporation and Resolution Funding Corporation are as of December 31, 2014, and the 2015 balance sheets are as of September 30, 2015.</para></narrative></bureau-intro-section><fund-class id="_920001"><header>Federal Funds</header><fund-group id="DUMMY"><header/><account id="_920004980" account-code="4980" treasury-code="39-4980" level-in-dtd="ACCOUNT                                                         " account-deleted="N"><acctgrpheader id="  ">                                                                                                                                                                    </acctgrpheader><header>Financing Corporation                                                                                                                                               </header><transmit id="_9200049800"><header>Enacted/requested                                               </header><narrative><para indent-level="1" justification="flush">The Financing Corporation (FICO) is a mixed-ownership Government corporation, chartered by the Federal Home Loan Bank Board pursuant to the Federal Savings and Loan Insurance Corporation Recapitalization Act of 1987, as amended (the Act). FICO's sole purpose is to function as a financing vehicle for the FSLIC Resolution Fund, formerly the Federal Savings and Loan Insurance Corporation. Pursuant to the Act, FICO was authorized to issue debentures, bonds, and other obligations subject to limitations contained in the Act, the net proceeds of which were to be used solely to purchase capital certificates issued by the FSLIC Resolution Fund or to refund any previously issued obligations. The Resolution Trust Corporation Refinancing, Restructuring, and Improvement Act of 1991 terminated FICO's borrowing authority.</para><para indent-level="1" justification="flush">The Act provided formulas pursuant to which the Federal Home Loan Banks make capital contributions to FICO. FICO used the proceeds received from the sales of such capital stock to purchase non-interest bearing securities for deposit in a segregated account as required by the Act. The non-interest bearing securities held in the segregated account are the primary source of repayment of the principal of FICO obligations. Securities in the segregated account are kept separate from other FICO accounts and funds, but are not specifically pledged as collateral for the payment of obligations. The primary source of payment of interest on the obligations is the receipt of assessments imposed on and collected from institutions' accounts, which are insured by the Federal Deposit Insurance Corporation's Deposit Insurance Fund.</para></narrative><schedules><schedule id="_920004980007" schedule-code="VFVF07394980"><table line-rules="no-gen" tabletype="3633"><ttitle>Balance Sheet</ttitle><subheader>(in millions of dollars)</subheader><tgroup cols="4"><thead><row><entry namest="col1" nameend="col2">Identification code 920–4980–0–4–373</entry><entry colname="col3">2014 actual</entry><entry colname="col4">2015 actual</entry></row></thead><tbody><row><entry colname="col1"/><entry colname="col2" stub-hierarchy="0">ASSETS:</entry></row><row><entry colname="col1"/><entry colname="col2" stub-hierarchy="1">Federal assets:</entry></row><row><entry colname="col1"/><entry colname="col2" stub-hierarchy="2">Investments in US securities:</entry></row><row><entry colname="col1">1102</entry><entry colname="col2" stub-hierarchy="3">Segregated accounts investment, net</entry><entry colname="col3">6,418</entry><entry colname="col4">6,841</entry></row><row><entry colname="col1"/><entry colname="col2" stub-hierarchy="1">Other Federal assets:</entry></row><row><entry colname="col1">1801</entry><entry colname="col2" stub-hierarchy="2">Cash, cash equivalents</entry><entry colname="col3">210</entry><entry colname="col4">294</entry></row><row><entry colname="col1">1901</entry><entry colname="col2" stub-hierarchy="2">Other assets</entry><entry colname="col3" rowsep="1">5</entry><entry colname="col4" rowsep="1">4</entry></row><row><entry colname="col1">1999</entry><entry colname="col2" stub-hierarchy="2">Total assets</entry><entry colname="col3">6,633</entry><entry colname="col4">7,139</entry></row><row><entry colname="col1"/><entry colname="col2" stub-hierarchy="0">LIABILITIES:</entry></row><row><entry colname="col1"/><entry colname="col2" stub-hierarchy="1">Non-Federal liabilities:</entry></row><row><entry colname="col1">2202</entry><entry colname="col2" stub-hierarchy="2">Interest payable</entry><entry colname="col3">157</entry><entry colname="col4">236</entry></row><row><entry colname="col1">2203</entry><entry colname="col2" stub-hierarchy="2">Debt</entry><entry colname="col3">8,158</entry><entry colname="col4">8,160</entry></row><row><entry colname="col1">2207</entry><entry colname="col2" stub-hierarchy="2">Other</entry><entry colname="col3" rowsep="1">70</entry><entry colname="col4" rowsep="1">72</entry></row><row><entry colname="col1">2999</entry><entry colname="col2" stub-hierarchy="2">Total liabilities</entry><entry colname="col3">8,385</entry><entry colname="col4">8,468</entry></row><row><entry colname="col1"/><entry colname="col2" stub-hierarchy="0">NET POSITION:</entry></row><row><entry colname="col1">3100</entry><entry colname="col2" stub-hierarchy="1">FICO capital stock purchased by FHLBanks</entry><entry colname="col3">680</entry><entry colname="col4">680</entry></row><row><entry colname="col1">3300</entry><entry colname="col2" stub-hierarchy="1">Cumulative results of operations</entry><entry colname="col3">5,738</entry><entry colname="col4">6,161</entry></row><row><entry colname="col1">3300</entry><entry colname="col2" stub-hierarchy="1">FSLIC capital certificates</entry><entry colname="col3" rowsep="1">–8,170</entry><entry colname="col4" rowsep="1">–8,170</entry></row><row><entry colname="col1">3999</entry><entry colname="col2" stub-hierarchy="2">Total net position</entry><entry colname="col3" rowsep="1">–1,752</entry><entry colname="col4" rowsep="1">–1,329</entry></row><row><entry colname="col1">4999</entry><entry colname="col2" stub-hierarchy="1">Total liabilities and net position</entry><entry colname="col3">6,633</entry><entry colname="col4">7,139</entry></row></tbody></tgroup></table></schedule></schedules></transmit></account><account id="_920004981" account-code="4981" treasury-code="39-4981" level-in-dtd="ACCOUNT                                                         " account-deleted="N"><acctgrpheader id="  ">                                                                                                                                                                    </acctgrpheader><header>Resolution Funding Corporation                                                                                                                                      </header><transmit id="_9200049810"><header>Enacted/requested                                               </header><narrative><para indent-level="1" justification="flush">The Resolution Funding Corporation (REFCORP) is a mixed-ownership Government corporation established by Title V of the Financial Institutions Reform, Recovery, and Enforcement Act of 1989 (FIRREA). The sole purpose of REFCORP was to provide financing for the Resolution Trust Corporation (RTC). Pursuant to FIRREA, REFCORP was authorized to issue debentures, bonds, and other obligations, subject to limitations contained in the Act and regulations established by the Thrift Depositor Protection Oversight Board. The proceeds of the debt (less any discount, plus any premium, net of issuance cost) were used solely to purchase nonredeemable capital certificates of RTC or to refund any previously issued obligations.</para><para indent-level="1" justification="flush">Until October 29, 1998, REFCORP was subject to the general oversight and direction of the Thrift Depositor Protection Oversight Board. At that time, the Oversight Board was abolished and its authority and duties were transferred to the Secretary of the Treasury. The day-to-day operations of REFCORP are under the management of a three-member Directorate composed of the Chief Executive Officer of the Office of Finance of the Federal Home Loan Banks and two members selected from among the presidents of the 11 Federal Home Loan Banks (FHLBanks). Members of the Directorate serve without compensation, and REFCORP is not permitted to have any paid employees.</para><para indent-level="1" justification="flush">FIRREA, as amended, and the regulations adopted by the Thrift Depositor Protection Oversight Board and the Secretary of the Treasury required that Federal Home Loan Banks (FHLBs) contribute 20 percent of net earnings annually to assist in the payment of interest on bonds issued by REFCORP until such time as the total payments are equivalent to a $300 million annual annuity with a final maturity date of April 15, 2030. The FHLBs fulfilled this obligation on August 5, 2011.</para></narrative><schedules><schedule id="_920004981007" schedule-code="VFVF07394981"><table line-rules="no-gen" tabletype="3633"><ttitle>Balance Sheet</ttitle><subheader>(in millions of dollars)</subheader><tgroup cols="4"><thead><row><entry namest="col1" nameend="col2">Identification code 920–4981–0–4–373</entry><entry colname="col3">2014 actual</entry><entry colname="col4">2015 actual</entry></row></thead><tbody><row><entry colname="col1"/><entry colname="col2" stub-hierarchy="0">ASSETS:</entry></row><row><entry colname="col1"/><entry colname="col2" stub-hierarchy="1">Federal assets:</entry></row><row><entry colname="col1"/><entry colname="col2" stub-hierarchy="2">Investments in US securities:</entry></row><row><entry colname="col1">1102</entry><entry colname="col2" stub-hierarchy="3">Principal fund account investment, net</entry><entry colname="col3">15,966</entry><entry colname="col4">16,924</entry></row><row><entry colname="col1">1206</entry><entry colname="col2" stub-hierarchy="1">Non-Federal assets: Assessments receivable for interest expense</entry><entry colname="col3" rowsep="1">886</entry><entry colname="col4" rowsep="1">888</entry></row><row><entry colname="col1">1999</entry><entry colname="col2" stub-hierarchy="2">Total assets</entry><entry colname="col3">16,852</entry><entry colname="col4">17,812</entry></row><row><entry colname="col1"/><entry colname="col2" stub-hierarchy="0">LIABILITIES:</entry></row><row><entry colname="col1"/><entry colname="col2" stub-hierarchy="1">Non-Federal liabilities:</entry></row><row><entry colname="col1">2202</entry><entry colname="col2" stub-hierarchy="2">Accrued interest payable on long-term obligations</entry><entry colname="col3">886</entry><entry colname="col4">888</entry></row><row><entry colname="col1">2203</entry><entry colname="col2" stub-hierarchy="2">Debt</entry><entry colname="col3" rowsep="1">30,065</entry><entry colname="col4" rowsep="1">30,064</entry></row><row><entry colname="col1">2999</entry><entry colname="col2" stub-hierarchy="2">Total liabilities</entry><entry colname="col3">30,951</entry><entry colname="col4">30,952</entry></row><row><entry colname="col1"/><entry colname="col2" stub-hierarchy="0">NET POSITION:</entry></row><row><entry colname="col1">3100</entry><entry colname="col2" stub-hierarchy="1">Nonvoting capital stock issued to FHLBanks</entry><entry colname="col3">2,513</entry><entry colname="col4">2,513</entry></row><row><entry colname="col1">3300</entry><entry colname="col2" stub-hierarchy="1">Cumulative results of operations</entry><entry colname="col3">13,618</entry><entry colname="col4">14,577</entry></row><row><entry colname="col1">3300</entry><entry colname="col2" stub-hierarchy="1">RTC nonredeemable capital certificates</entry><entry colname="col3">–31,286</entry><entry colname="col4">–31,286</entry></row><row><entry colname="col1">3300</entry><entry colname="col2" stub-hierarchy="1">Contributed capital - principal fund assessments</entry><entry colname="col3" rowsep="1">1,056</entry><entry colname="col4" rowsep="1">1,056</entry></row><row><entry colname="col1">3999</entry><entry colname="col2" stub-hierarchy="2">Total net position</entry><entry colname="col3" rowsep="1">–14,099</entry><entry colname="col4" rowsep="1">–13,140</entry></row><row><entry colname="col1">4999</entry><entry colname="col2" stub-hierarchy="1">Total liabilities and net position</entry><entry colname="col3">16,852</entry><entry colname="col4">17,812</entry></row></tbody></tgroup></table></schedule></schedules></transmit></account><account id="_920004982" account-code="4982" treasury-code="39-4982" level-in-dtd="ACCOUNT                                                         " account-deleted="N"><acctgrpheader id="  ">                                                                                                                                                                    </acctgrpheader><header>Board of Governors of the Federal Reserve System                                                                                                                    </header><transmit id="_9200049820"><header>Enacted/requested                                               </header><narrative><para indent-level="1" justification="flush">The Federal Reserve System operates under the provisions of the Federal Reserve Act of 1913, as amended, and other acts of the Congress.</para><para indent-level="1" justification="flush">To carry out its responsibilities under this Act, the Board determines general monetary, credit, and operating policies for the System as a whole and formulates the rules and regulations necessary to carry out the purposes of the Act. The Board's principal duties consist of exerting an influence over credit conditions and supervising the Federal Reserve banks and member banks.</para><para indent-level="1" justification="flush">Under the provisions of section 10 of the Federal Reserve Act, the Board of Governors levies upon the Federal Reserve banks, in proportion to their capital and surplus, an assessment sufficient to pay its estimated expenses. Also under the Act, the Board determines and prescribes the manner in which its obligations are incurred and its expenses paid. Funds derived from assessments are deposited in the Federal Reserve Bank of Richmond and the Act provides that such funds "not be construed to be Government funds or appropriated moneys.'' No Government appropriation is required to support operations of the Board.</para><para indent-level="1" justification="flush">The information presented pertains to Board operations only; expenditures made for production, issuance, retirement, and shipment of Federal Reserve notes are not included because those costs are reimbursed in full by the Federal Reserve banks.</para></narrative><schedules><schedule id="_920004982001" schedule-code="VFVF01394982"><table line-rules="no-gen" tabletype="3643"><ttitle>Program and Financing</ttitle><subheader>(in millions of dollars)</subheader><tgroup cols="5"><thead><row><entry namest="col1" nameend="col2">Identification code 920–4982–0–4–803</entry><entry colname="col3">2014 actual</entry><entry colname="col4">2015 est.</entry><entry colname="col5">2016 est.</entry></row></thead><tbody><row><entry colname="col1"/><entry colname="col2" entry-modify="bold" stub-hierarchy="0">Obligations by program activity:</entry></row><row><entry colname="col1">0801</entry><entry colname="col2" stub-hierarchy="1">Monetary and economic policy</entry><entry colname="col3">124</entry><entry colname="col4">136</entry><entry colname="col5">139</entry></row><row><entry colname="col1">0802</entry><entry colname="col2" stub-hierarchy="1">Federal Reserve System policy direction</entry><entry colname="col3">35</entry><entry colname="col4">37</entry><entry colname="col5">38</entry></row><row><entry colname="col1">0803</entry><entry colname="col2" stub-hierarchy="1">Supervisory, regulatory, and legal services</entry><entry colname="col3">198</entry><entry colname="col4">215</entry><entry colname="col5">219</entry></row><row><entry colname="col1">0804</entry><entry colname="col2" stub-hierarchy="1">Support and security services</entry><entry colname="col3">198</entry><entry colname="col4">214</entry><entry colname="col5">219</entry></row><row><entry colname="col1">0805</entry><entry colname="col2" stub-hierarchy="1">Extraordinary items</entry><entry colname="col3">9</entry><entry colname="col4">26</entry><entry colname="col5">40</entry></row><row><entry colname="col1">0806</entry><entry colname="col2" stub-hierarchy="1">Below reporting threshold</entry><entry colname="col3" rowsep="1">2</entry><entry colname="col4" rowsep="1">1</entry><entry colname="col5" entry-modify="force-ldr" rowsep="1"/></row><row><entry colname="col1">0809</entry><entry colname="col2" stub-hierarchy="0">Reimbursable program activities, subtotal</entry><entry colname="col3">566</entry><entry colname="col4">629</entry><entry colname="col5">655</entry></row><row><entry colname="col1">0810</entry><entry colname="col2" stub-hierarchy="1">Office of Inspector General operating expenses</entry><entry colname="col3" rowsep="1">25</entry><entry colname="col4" rowsep="1">29</entry><entry colname="col5" rowsep="1">32</entry></row><row><entry colname="col1">0900</entry><entry colname="col2" stub-hierarchy="0">Total new obligations</entry><entry colname="col3">591</entry><entry colname="col4">658</entry><entry colname="col5">687</entry></row><row><entry colname="col1" rowsep="1" rowsep-modify="bold"/><entry colname="col2" entry-modify="bold" stub-hierarchy="0">Budgetary resources:</entry></row><row><entry colname="col1"/><entry colname="col2" stub-hierarchy="1">Financing authority:</entry></row><row><entry colname="col1"/><entry colname="col2" stub-hierarchy="2">Spending authority from offsetting collections, mandatory:</entry></row><row><entry colname="col1">1800</entry><entry colname="col2" stub-hierarchy="3">Collected</entry><entry colname="col3">591</entry><entry colname="col4">658</entry><entry colname="col5">687</entry></row><row><entry colname="col1">1930</entry><entry colname="col2" stub-hierarchy="0">Total budgetary resources available</entry><entry colname="col3">591</entry><entry colname="col4">658</entry><entry colname="col5">687</entry></row><row><entry colname="col1" rowsep="1" rowsep-modify="bold"/><entry colname="col2" entry-modify="bold" stub-hierarchy="0">Change in obligated balance:</entry></row><row><entry colname="col1"/><entry colname="col2" stub-hierarchy="1">Unpaid obligations:</entry></row><row><entry colname="col1">3010</entry><entry colname="col2" stub-hierarchy="2">Obligations incurred, unexpired accounts</entry><entry colname="col3">591</entry><entry colname="col4">658</entry><entry colname="col5">687</entry></row><row><entry colname="col1">3020</entry><entry colname="col2" stub-hierarchy="2">Outlays (gross)</entry><entry colname="col3">–591</entry><entry colname="col4">–658</entry><entry colname="col5">–687</entry></row><row><entry colname="col1" rowsep="1" rowsep-modify="bold"/><entry colname="col2" entry-modify="bold" stub-hierarchy="0">Financing authority and disbursements, net:</entry></row><row><entry colname="col1"/><entry colname="col2" stub-hierarchy="1">Mandatory:</entry></row><row><entry colname="col1">4090</entry><entry colname="col2" stub-hierarchy="2">Budget authority, gross</entry><entry colname="col3" rowsep="1">591</entry><entry colname="col4" rowsep="1">658</entry><entry colname="col5" rowsep="1">687</entry></row><row><entry colname="col1">4110</entry><entry colname="col2" stub-hierarchy="2">Outlays, gross (total)</entry><entry colname="col3">591</entry><entry colname="col4">658</entry><entry colname="col5">687</entry></row><row><entry colname="col1"/><entry colname="col2" stub-hierarchy="2">Offsets against gross financing authority and disbursements:</entry></row><row><entry colname="col1"/><entry colname="col2" stub-hierarchy="3">Offsetting collections (collected) from:</entry></row><row><entry colname="col1">4123</entry><entry colname="col2" stub-hierarchy="3">Non-Federal sources</entry><entry colname="col3">–591</entry><entry colname="col4">–658</entry><entry colname="col5">–687</entry></row><row><entry colname="col1">4180</entry><entry colname="col2" stub-hierarchy="0">Budget authority, net (total)</entry><entry colname="col3" entry-modify="force-ldr"/><entry colname="col4" entry-modify="force-ldr"/><entry colname="col5" entry-modify="force-ldr"/></row><row><entry colname="col1">4190</entry><entry colname="col2" stub-hierarchy="0">Outlays, net (total)</entry><entry colname="col3" entry-modify="force-ldr"/><entry colname="col4" entry-modify="force-ldr"/><entry colname="col5" entry-modify="force-ldr"/></row></tbody></tgroup></table></schedule><schedule id="_9200049820091" schedule-code="VFVF09394982"><table line-rules="no-gen" tabletype="3643"><ttitle>Object Classification</ttitle><subheader>(in millions of dollars)</subheader><tgroup cols="5"><thead><row><entry namest="col1" nameend="col2">Identification code 920–4982–0–4–803</entry><entry colname="col3">2014 actual</entry><entry colname="col4">2015 est.</entry><entry colname="col5">2016 est.</entry></row></thead><tbody><row><entry colname="col1">11.1</entry><entry colname="col2" stub-hierarchy="1">Reimbursable obligations: Personnel compensation: Full-time permanent</entry><entry colname="col3" rowsep="1">351</entry><entry colname="col4" rowsep="1">380</entry><entry colname="col5" rowsep="1">392</entry></row><row><entry colname="col1">11.9</entry><entry colname="col2" stub-hierarchy="3">Total personnel compensation</entry><entry colname="col3">351</entry><entry colname="col4">380</entry><entry colname="col5">392</entry></row><row><entry colname="col1">12.1</entry><entry colname="col2" stub-hierarchy="1">Civilian personnel benefits</entry><entry colname="col3">71</entry><entry colname="col4">77</entry><entry colname="col5">76</entry></row><row><entry colname="col1">13.0</entry><entry colname="col2" stub-hierarchy="1">Benefits for former personnel</entry><entry colname="col3">7</entry><entry colname="col4">6</entry><entry colname="col5">6</entry></row><row><entry colname="col1">21.0</entry><entry colname="col2" stub-hierarchy="1">Travel and transportation of persons</entry><entry colname="col3">15</entry><entry colname="col4">15</entry><entry colname="col5">15</entry></row><row><entry colname="col1">22.0</entry><entry colname="col2" stub-hierarchy="1">Transportation of things</entry><entry colname="col3" entry-modify="force-ldr"/><entry colname="col4">1</entry><entry colname="col5">1</entry></row><row><entry colname="col1">23.2</entry><entry colname="col2" stub-hierarchy="1">Rental payments to others</entry><entry colname="col3">18</entry><entry colname="col4">26</entry><entry colname="col5">27</entry></row><row><entry colname="col1">23.3</entry><entry colname="col2" stub-hierarchy="1">Communications, utilities, and miscellaneous charges</entry><entry colname="col3">11</entry><entry colname="col4">10</entry><entry colname="col5">10</entry></row><row><entry colname="col1">24.0</entry><entry colname="col2" stub-hierarchy="1">Printing and reproduction</entry><entry colname="col3">2</entry><entry colname="col4">2</entry><entry colname="col5">2</entry></row><row><entry colname="col1">25.1</entry><entry colname="col2" stub-hierarchy="1">Advisory and assistance services</entry><entry colname="col3">58</entry><entry colname="col4">67</entry><entry colname="col5">81</entry></row><row><entry colname="col1">25.2</entry><entry colname="col2" stub-hierarchy="1">Other services from non-Federal sources</entry><entry colname="col3">26</entry><entry colname="col4">40</entry><entry colname="col5">43</entry></row><row><entry colname="col1">25.4</entry><entry colname="col2" stub-hierarchy="1">Operation and maintenance of facilities</entry><entry colname="col3">2</entry><entry colname="col4">3</entry><entry colname="col5">3</entry></row><row><entry colname="col1">25.7</entry><entry colname="col2" stub-hierarchy="1">Operation and maintenance of equipment</entry><entry colname="col3">4</entry><entry colname="col4">5</entry><entry colname="col5">5</entry></row><row><entry colname="col1">26.0</entry><entry colname="col2" stub-hierarchy="1">Supplies and materials</entry><entry colname="col3">2</entry><entry colname="col4">2</entry><entry colname="col5">2</entry></row><row><entry colname="col1">31.0</entry><entry colname="col2" stub-hierarchy="1">Equipment</entry><entry colname="col3" rowsep="1">24</entry><entry colname="col4" rowsep="1">24</entry><entry colname="col5" rowsep="1">24</entry></row><row><entry colname="col1">99.9</entry><entry colname="col2" stub-hierarchy="2">Total new obligations</entry><entry colname="col3">591</entry><entry colname="col4">658</entry><entry colname="col5">687</entry></row></tbody></tgroup></table></schedule></schedules></transmit></account></fund-group></fund-class><fund-class id="_920009"><header>No Fund Title</header><fund-group id="DUMMY"><header/><account id="_92000WWWWW" account-code="WWWW" treasury-code="" level-in-dtd="BUREAU INTRO                                                    " account-deleted="N"><acctgrpheader id="  ">                                                                                                                                                                    </acctgrpheader><header>Bureau Intro                                                                                                                                                        </header><transmit id="_92000WWWWW0"><header>Enacted/requested                                               </header></transmit></account></fund-group></fund-class></bureau></bureau-group></agency></appendix-chapter>